destination,Afghanistan,Albania,Algeria,American_Samoa,Andorra,Angola,Anguilla,Antigua_and_Barbuda,Argentina,Armenia,Aruba,Australia,Austria,Azerbaijan,Bahamas,Bahrain,Bangladesh,Barbados,Belarus,Belgium,Belize,Benin,Bermuda,Bhutan,Bolivia_(Plurinational_State_of),Bonaire_Sint_Eustatius_and_Saba,Bosnia_and_Herzegovina,Botswana,Brazil,British_Virgin_Islands,Brunei_Darussalam,Bulgaria,Burkina_Faso,Burundi,Cabo_Verde,Cambodia,Cameroon,Canada,Cayman_Islands,Central_African_Republic,Chad,Channel_Islands,Chile,China,Hong_Kong,Macao,Colombia,Comoros,Congo,Cook_Islands,Costa_Rica,C?te_d'Ivoire,Croatia,Cuba,Cura?ao,Cyprus,Czech_Republic,Democratic_People's_Republic_of_Korea,Democratic_Republic_of_the_Congo,Denmark,Djibouti,Dominica,Dominican_Republic,Ecuador,Egypt,El_Salvador,Equatorial_Guinea,Eritrea,Estonia,Ethiopia,Faeroe_Islands,Falkland_Islands_(Malvinas),Fiji,Finland,France,French_Guiana,French_Polynesia,Gabon,Gambia,Georgia,Germany,Ghana,Gibraltar,Greece,Greenland,Grenada,Guadeloupe,Guam,Guatemala,Guinea,Guinea-Bissau,Guyana,Haiti,Holy_See,Honduras,Hungary,Iceland,India,Indonesia,Iran_(Islamic_Republic_of),Iraq,Ireland,Isle_of_Man,Israel,Italy,Jamaica,Japan,Jordan,Kazakhstan,Kenya,Kiribati,Kuwait,Kyrgyzstan,Lao_People's_Democratic_Republic,Latvia,Lebanon,Lesotho,Liberia,Libya,Liechtenstein,Lithuania,Luxembourg,Madagascar,Malawi,Malaysia,Maldives,Mali,Malta,Marshall_Islands,Martinique,Mauritania,Mauritius,Mayotte,Mexico,Micronesia_(Federated_States_of),Monaco,Mongolia,Montenegro,Montserrat,Morocco,Mozambique,Myanmar,Namibia,Nauru,Nepal,Netherlands,New_Caledonia,New_Zealand,Nicaragua,Niger,Nigeria,Niue,Northern_Mariana_Islands,Norway,Oman,Pakistan,Palau,Panama,Papua_New_Guinea,Paraguay,Peru,Philippines,Poland,Portugal,Puerto_Rico,Qatar,Republic_of_Korea,Republic_of_Moldova,R?union,Romania,Russian_Federation,Rwanda,Saint_Helena,Saint_Kitts_and_Nevis,Saint_Lucia,Saint_Pierre_and_Miquelon,Saint_Vincent_and_the_Grenadines,Samoa,San_Marino,Sao_Tome_and_Principe,Saudi_Arabia,Senegal,Serbia,Seychelles,Sierra_Leone,Singapore,Sint_Maarten_(Dutch_part),Slovakia,Slovenia,Solomon_Islands,Somalia,South_Africa,South_Sudan,Spain,Sri_Lanka,State_of_Palestine,Sudan,Suriname,Swaziland,Sweden,Switzerland,Syrian_Arab_Republic,Tajikistan,Thailand,The_former_Yugoslav_Republic_of_Macedonia,Timor-Leste,Togo,Tokelau,Tonga,Trinidad_and_Tobago,Tunisia,Turkey,Turkmenistan,Turks_and_Caicos_Islands,Tuvalu,Uganda,Ukraine,United_Arab_Emirates,United_Kingdom_of_Great_Britain_and_Northern_Ireland,United_Republic_of_Tanzania,United_States_of_America,United_States_Virgin_Islands,Uruguay,Uzbekistan,Vanuatu,Venezuela_(Bolivarian_Republic_of),Viet_Nam,Wallis_and_Futuna_Islands,Western_Sahara,Yemen,Zambia,Zimbabwe
Afghanistan,,,,,,,,,,,,,,,,,,,,,,,,,,,,,,,,,,,,,,,,,,,,,,,,,,,,,,,,,,,,,,,,,,,,,,,,,,,,,,,,,,,,,,,,,,,,,,,,,,,,,,,,,,,,,,,,,,,,,,,,,,,,,,,,,,,,,,,,,,,,,,,,,,,,,,,,,,,,47984,,,,,,,,,,,,,,,,,,,,,,,,,,,,,,,,,,,,,,,,,,,,,,,23991,,,,,,,,,,,,,,,,,,,,,1199,,,,,,,,
Albania,,,,,,,,,,,,,,,,,,,,,,,,,,,,,,,,,,,,,,920,,,,,,,,,,,,,,,,,,,,,,,,,,,,,,,,,,,,,,,,,,,,,,32054,,,,,,,,,,,,,,,,,,,,,9025,,,,,,,,,,,,,,,,,,,,,,,,,,,,,,,,,,,,,,,,,,,,,,,,,,,,,,,,,,,,,,,,,,,,,,,,,,,,,,,,,,,,,,,,,,,,,,,,,,,,542,,,,,,,1990,,,,,,,,,2408,,,,,,,,,,,
Algeria,,,,,,,,,,,,,,,,,,,,,,,,,,,,,,,,,,,,,,,,,,,,,,,,,,,,,,,,,,,,,,,,,,,,,,,,,,,1011,,,,,,1414,,,,,,,,,,,,,,,,,,2628,,13777,,,,1346,,,4106,,,,2173,,,,2226,,,4226,,,,,,1594,,,,,,,,,,,,,,,,,,,,,,,,,,,,,,,,,,,,,,,,,,,,,,1458,,,,,,,,,,7137,,,,,,,,,,21031,,,,,57565,2903,,,,,5585,,,,,,,,,,,,,,,,,1455,,1989,,,,,,,,91905,4302,,
American_Samoa,,,,,,,,,,,,,,,,,,,,,,,,,,,,,,,,,,,,,,,,,,,,600,,,,,,,,,,,,,,,,,,,,,,,,,,,,,333,,,,,,,,,,,,,,,,,,,,,,,,,,,,,,,,,,,,,,,,,,,,,,,,,,,,,,,,,,,,,,,,,,,,,,,,,,,726,,,,,,,,,,,,,,1117,,,,,296,,,,,,,,,,,15842,,,,,,,,,,,,,,,,,,,,,,,,,,,,,,21,1291,,,,,,,,,,,,2553,,,,,,212,,,,,
Andorra,,,,,,,,,819,,,70,,,,,,,,231,,,,,,,,,,,,,,,,,,,,,,,230,,,,,,,,,,,,,,,,,121,,,,,,,,,,,,,,,4796,,,,,,392,,,,,,,,,,,,,,,,,,,,,,,,527,,,,,,,,,,,,,,,,,,,,,,,,,,,,,,,,,,,556,,,,,,257,,,,,,,,,,,,,,,,443,,13686,,,,,,,,,,,,,,,,,,,,,,,,,,,,,,25929,,,,,,53,87,,,,,,,,,,,,,,,,,,1125,,100,,122,,,,,,,,,
Angola,,,,,,,,,,,,,,,,,,,,,,,,,,,,,,,,,,,7493,,,,,,26,,,,,,,,862,,,33,,,,,,,30944,,,,,,,,,,,,,,,,,,,,,,,,,,,,,,,274,,,,,,,,,,,,,,,,,,,,,,,,,,,,,,,,,,,,,,,,,,,,,,,,,,,203,,725,,,,,,,,,,,,,,,,,,,,,11125,,,,,,,,871,,,,,,,,6536,,,,,,,,,,,,5118,,,,,,,,,,,,,,,,,,,,,,,,,,,,,,,,,,,,,,,251,
Anguilla,,,,,,,,,,,,,,,,,,,,,,,,,,,,,,,,,,,,,,118,,,,,,,,,,,,,,,,,,,,,,,,,653,,,,,,,,,,,,,,,,,,,,,,,,,,,,,388,,,,,,,,,,,,,,455,,,,,,,,,,,,,,,,,,,,,,,,,,,,,,,,,282,,,,,,,,,,,,,,,,,,,,,,,,,,,,,,,,,,,822,,,,,,,,,,,,,,,,,,,,,,,,,,,,,,,,,,,,,,,,,,,,,402,,508,413,,,,,,,,,,
Antigua_and_Barbuda,,,,,,,37,,,,5,7,,,2,,,284,,,13,,13,,,10,,,,92,,,,,,,,408,,,,,,126,,,,,,,,,,19,18,,,,,,,4462,1678,,9,,,,,85,,,,,39,5,,,,,78,29,,,,181,71,,,,,6086,31,,7,,,74,,,,,,,68,3752,19,,,,,,,,,52,,,,,,,,,,,,,,5,,,,5,,,,,1070,,,,,,,15,,11,,,38,,,,,0,,,,,,,,,50,,,,,,,,,448,636,,863,,,,,,,,,,22,,,,,42,,11,,,,42,,,,229,,,,,,,,677,,,,6,,,,,935,,2469,669,,,,37,,,,,,
Argentina,9,66,104,,1,9,,,,559,1,274,1019,,,12,,7,303,535,6,,,,363142,,,,42283,,1,294,11,,24,20,,528,,,,,184687,12476,4,,1722,,42,,123,1,983,1102,,47,1787,14,,244,,4,682,952,237,73,,,49,32,,,1,70,7071,,,,,,8009,,14,1014,15,11,,,96,1,,,41,,66,813,8,97,21,137,37,64,,555,132014,11,3859,73,,2,,,,282,124,788,,,51,78,391,96,7,,2,,,2,,,,,,1445,4,10,,,,211,11,9,2,,,386,,11,91,1,43,,,58,,5,,160,,588452,169262,58,6339,4299,75,,7066,454,,1074,1878,,,,,,,,16,,80,,,,,2,,,807,,2,126,,84969,2,,8,5,,203,791,1121,,60,1484,,,,,34,45,633,,,4,1,3820,,940,1,4450,,115039,,8,1236,5,,,,1,2
Armenia,,,,,,,,,,,,,,142156,,,,,410,,,,,,,,,,,,,,,,,,,,,,,,,,,,,,,,,,,,,,,,,,,,,,,,,,,,,,,,,,,,,25767,422,,,1143,,,,,,,,,,,,,,,,6172,,,,,,,,,503,,,,,,,722,,,,,,,,,,,,,,,,,,,,,,,,,,,,,,,,,,,,,,,,,,,,,,,,,,,,,,,11216,,,,,,,,,,,,,,,,,,,,,,,,,,,,,,,2062,,,,,,,,,,1250,525,,,,1657,,,,,,,736,,,,,,,,
Aruba,,,,,,,,,,,,,,,,,,,,,,,,,,282,,,,,,,,,,,,,,,,,,1071,,,9279,,,,,,,,2334,,,,,,,102,4113,,,,,,,,,,,,,,,,,,,,,,,245,,,,,,275,1551,,,,,314,,,,,,,,709,,,,,,,,,,,,,,,,,,,,,,,,,,,,,,,,,,,,,,,,4358,,,102,,,,,,,,,,,,1078,954,,156,,,,,,,,,,,,,107,,,,,,,,,,666,,,,,,,,,,,1271,,,,,,,,,,,,,,0,,,,,,,,,582,,,,,3231,,,,,,
Australia,30880,2930,1380,260,0,530,,20,13770,1200,40,,20170,480,260,1340,29590,430,1850,6530,30,60,540,1720,890,,39750,1140,16550,10,3060,3600,10,1880,10,31750,260,44540,60,0,40,,28270,371590,85500,2570,12420,,1070,6640,390,470,68500,780,110,21370,13640,320,2480,10620,100,10,130,1950,41870,11000,,3090,2250,8990,20,120,64000,9520,28140,0,490,10,90,520,126300,4200,480,122510,,120,0,60,420,660,10,620,70,,210,22850,700,329520,71160,36490,51860,70990,850,10710,204700,1110,40290,5270,1220,15390,610,4310,350,11140,5580,89680,130,2930,2410,20,3090,240,240,1000,129910,420,40,48680,20,20,0,27010,,3450,10,30,700,1880,,1810,890,23270,1130,650,27240,88480,1470,517810,830,0,4690,770,0,4370,1250,30600,,210,,450,9620,183780,58940,18470,140,690,84160,1040,230,16710,20770,590,30,30,50,,20,20450,,,12600,390,36320,2960,3350,53560,,6000,8400,1940,6210,155930,0,14910,96490,3070,25460,100,350,10060,14080,9330,110,51600,51490,10600,300,560,10070,1690,590,39830,60,,160,2890,16380,5230,1187150,3810,85330,,10650,1280,1300,3360,203800,,,630,6200,33720
Austria,7370,2690,1103,,2,292,,6,1302,2609,,2129,,919,19,18,2340,18,1425,2201,35,68,16,21,435,,132666,22,4434,,5,13452,104,83,35,819,559,2177,,25,11,,1075,15145,240,14,1342,,391,,153,183,34205,752,,277,47022,2405,599,1213,6,43,2672,565,12732,58,9,89,319,1091,,,15,1366,7665,,,21,538,2835,191269,2115,,3422,,13,,1,319,258,58,16,54,,84,38020,161,11607,1038,13249,4723,843,,2191,25426,178,2539,640,943,840,,216,554,106,690,1575,4,234,393,323,777,652,64,33,412,8,85,93,,,29,98,,1292,1,21,1542,18675,,1647,57,60,157,1,502,7247,,379,178,27,7254,,,827,27,4116,1,53,51,195,1443,11847,56421,1473,5,22,,1521,,60079,26481,181,,2,12,,9,4,1,2,408,286,166876,37,229,245,,23230,15311,12,1039,2388,,3524,839,237,543,17,20,3036,13511,2838,243,4792,18743,,187,,6,59,3155,158045,120,,11,234,7038,150,9416,134,9451,,241,645,6,782,2859,,,81,97,255
Azerbaijan,195,,,,,,,,,155685,,,,,,,,,481,,,,,,,,,,,,,,,,,,,,,,,,,,,,,,,,,,,,,,,,,,,,,,,,,,509,,,,,,,,,,,53614,299,,,,,,,,,,,,,,,,,,,1604,,,,,,,,,3797,,,,2680,,,,,,,,,,,,,,,,,,,,,,,,,,,,,,,,,,,,,,,,,,,,,,,,,,,,,,,297,,,30151,,,,,,,,,,,,,,,,,,,,,,,,,,,,,,,,261,,,,,,,,,2224,1808,,,,2953,,,,,,,17853,,,,,,,,
Bahamas,,,,,,,,13,102,,,77,37,,,,,220,,28,41,,36,,,,,13,112,3,,19,,,,,,1446,21,,,,32,159,24,,178,,,,50,,,370,,,,,,15,,69,269,40,29,67,,,15,,,,,,132,,,,,,267,44,,84,,30,,,32,,,1232,25465,,40,,,552,30,,,54,,,146,6925,32,,,19,,,,,,,,,,,,,,,,,,,,,,,,124,,,,,,,,,,,,50,,22,9,,148,,,11,,0,,48,,,290,1031,18,15,,,,,,94,52,,,31,72,,37,,,,,,,,,,,,,,,96,,102,36,,,,11,27,283,,,,,,,,,360,,,,1426,,11,17,,1839,,8919,,16,,,28,,,,,,14
Bahrain,613,,,,,,,,,,,,,,,,81920,,,,,,,,,,,,,,,,,,,,,,,,401,,,,,,,,,,,,,,,,,,,,,,,,67374,,,1448,,826,,,,,1361,,,,,,,,,,,,,,,,,,,,,,,259915,23845,,,,,,,,,12651,,,,5054,,,,3142,,,,,,,,,,,,,,,,,,,,,,,,669,,,,,2095,236,,,,,1179,,,,,74535,,,,,,42281,,,,201,,,,,,,,,,,,,,,492,,,,,,,,,,727,,1190,,9019,4364,9955,,,,,3954,,960,,,,,,,440,2853,,,,,,5663,2181,,1169,,,,,,,,,15381,,
Bangladesh,,,,,,,,20488,,,,,,,,28523,,,,,,,,,,,,,14109,,,,,,,18575,,,,,,,,168119,,,,,,,,,,,,,,,,,,,,,,,,,,,,,,,,,,,,,,,,,,,,,,,,,,,,,,32562,149290,,,,,,,,13016,,,,,,,83368,,,,,,,,,,,220878,,,,,,,,,,,,,,,,,190412,,,36938,,,,,,,,,13534,,,,,,,,,,,,,,,,,,,,,,,,,,,,,,,,9063,,,,,,,,,,,,,,,,,,9975,,,,,,,,,,,,,,,31653,,43510,,,,,,26026,,,,,
Barbados,,,,,,,,185,,,,23,,,47,,,,,,21,,27,,,,,,,,,,,,,,,656,,,,,,41,,,,,,,,,,56,,,,,,,,321,,,,,,,,,,,,,,,,,,,,,,,,371,,,,,,6277,32,,,,,441,,,,,,,,947,,,,,,,,,,,,,,,,,,,,,,,,,,,,,,,,,,,,,,,,,,,,,,,,,,,,,,,,,,,,,,,,,,,,104,2073,,2964,,,,,,,,,,,,,,,,,,,,,45,,,,,,,,,,,,1419,,,,,,,,,2389,,985,,,,,,,,,,,
Belarus,270,,50,,,,,,99,5779,,26,56,13611,,,,,,35,,,,,,,,,89,,,58,,,,,,148,,,,,,,,,,,,,,,,43,,,91,57,,190,,,,,,,,,3099,23,,,,2017,,,,,,8583,62,,,104,,,,,,,,,,,,327,,46,,47,,21,,370,21,,,28,70573,,,,5279,,10019,61,,,,,16612,,,,,,,,,,,,,,,,161,,,,,,,,,,,,,,,,,58,,45,,,,,,,456,,,,27,7676,,20,688372,,,,,,,,,,,,34,,,,,25,,,,,,34,,,,,,324,27,79,5729,,,,,,,,,23,5513,,,,227722,20,441,,82,,26,14919,,,351,,,30,,
Belgium,2040,3874,8939,,,2425,,,470,5138,,709,2540,668,2,2,949,6,1410,,,509,,101,300,,1703,10,5208,,,13105,522,1780,162,230,7305,2773,,107,168,,961,8627,,,1438,,663,,102,1981,804,600,,311,2601,17,17966,2992,439,27,658,2607,1229,95,18,116,696,738,,,8,3006,139529,,,290,206,1666,39225,3125,,14724,,,,,131,4058,48,17,245,,59,3753,191,6894,1228,4464,3292,3607,,1417,164231,115,4520,342,2088,494,,9,1129,117,953,1831,11,380,170,16,1405,4391,436,27,361,2,329,341,,,855,648,,940,,8,381,128,,81535,39,81,11,0,1417,132872,,234,56,1021,2577,,,1291,10,3808,0,45,1,133,1010,3098,42871,32919,,,698,908,,26252,12749,3329,,,,,,,19,9,42,1407,2225,17,651,184,,4043,762,,780,796,,45008,623,336,405,247,,4404,2084,1800,62,3140,3274,,2289,,,,3945,39354,13,,,240,2999,,24915,209,11277,,78,1492,,393,1161,,,53,119,128
Belize,,,,,,,,,,,,,,,,,,,,,,,,,,,,,,,,,,,,,,704,,,,,,1661,61,,,,,,,,,,,,,,,,,,,,,7486,,,,,,,,,,,,,,,58,,,,,,,,19995,,,,46,,7313,,,318,,,,,,,,421,,,,,,,,,,46,,,,,,,,,,,,,,,,,,2988,,,,,,,,,,,,,,,,,38,,,,,,,,,,,,,,,,,,,,,,,,,,,,,,,,,,,,,,,,,,,,,,,,,,,,,,,,,,,,,,,,,,,,347,,3474,,,,,,,,,,,
Benin,,,,,,,,,,,,,,,,,,,,,,,,,,,,,,,,,8483,,,,,,,,596,,,,,,,,1629,,,11719,,,,,,,,,,,,,,,,,,,,,,,1532,,,,,,,8708,,,,,,,,,,,,,,,,,,,,,,,,,,,,,,,,,,,,,,,,,,,,,1100,,,,,,,,,,,,,,,,,,,,,,,64618,38036,,,,,,,,,,,,,,,,,,,,,,,,,,,,,,,,,,,,,,,,,,,,,,,,,,,,,,,,41033,,,,,,,,,,,,,,,,,,,,,,,,,
Bermuda,,,,,,,,,,,,68,32,,,,,,,23,,,,,,,,,,,,,,,,,,2272,,,,,,346,,,,,,,,,,30,,,,,,36,,,21,,,,,,,,,,,,144,,,,,,246,124,,105,,,,,,,,101,1658,,,,,522,,,,101,,74,72,601,665,,,,,,,,,,,,,,,,,,37,,,,,,,,,,,,,,,,,,,,,,,,,,185,,,,,37,,,,,,406,33,1600,,,,,,26,,,,,,,,,,,,,,,,,,,,,,258,,129,,,,,,,124,,,,,,,,,67,,143,,82,,,,,4008,,3481,,,,,,,,,,,
Bhutan,,,,,,,,,,,,25,,,,,49,,,,,,,,,,,,,,,,,,,,,35,,,,,,858,,,,,,,,,,,,,,,,36,,,,,,,,,,,,,,,29,,,,,,25,,,,,,,,,,,,,,,,,42383,,,,,,,12,,120,,,,,,,,,,,,,,,,,,,,,,,,,,,,,,,,,,,32,,,679,19,,23,,,,,,,,20,,,,,,18,,,,,31,,,,,,,,,,,,,,,,,,,17,,,,,,,,,31,,,,,22,23,,,58,,,,,,,,,,,,,,,34,,129,,,,,,,,,,,
Bolivia_(Plurinational_State_of),1,1,3,,0,5,,0,36671,4,2,196,137,1,0,0,24,0,4,324,777,1,0,,,18,9,,22066,,,21,,0,110,0,10,1185,,56,0,,4063,968,2,,2546,,6,,125,3,33,1520,152,2,45,9,3,92,,3,100,861,18,109,,0,5,2,,,0,34,1063,1,,0,,2,1737,12,0,22,,0,,,122,8,,4,13,,198,23,2,92,9,53,9,66,2,156,1226,6,1426,14,20,12,,4,4,0,0,32,0,2,3,0,8,5,4,6,7,,1,4,,,1,,,8179,,0,1,2,,21,3,0,,,5,328,0,55,95,0,11,1,,83,0,20,,94,1,3681,9691,40,187,150,33,1,434,7,,62,282,1,,0,,0,,,,,11,7,18,0,2,1,43,17,8,1,3,15,,10463,2,11,2,0,,252,566,2,1,8,10,,1,,0,4,1,32,0,,,0,98,0,776,4,4206,,437,4,0,664,10,,,0,2,3
Bonaire_Sint_Eustatius_and_Saba,,,,,,,25,22,3,,664,,,,19,,,57,,,,,,,,,,,,56,,,,,,,,77,,,,,,15,15,,517,,,,,,,40,3617,,,,,,,20,1198,,,,,,,,,,,,28,0,,,,,,,,,,0,24,,,,,145,88,,,,,8,39,,,,,,15,347,26,,,,,,,,,57,,,,,,,,,,,,,,24,,,,0,,,,,,,,,,,,1859,,3,,,,,,2,,,,,,,,,,42,9,,,,,,,,,23,0,,12,,,,,,,,,,452,,,,,,,15,,,,366,,,,,,,,,,,,6,,,,,,,,,49,,517,0,,,,422,,,,,,
Bosnia_and_Herzegovina,,,,,,,,,,,,,211,,,,,,,,,,,,,,,,,,,,,,,,,,,,,,,,,,,,,,,,12849,,,,,,,,,,,,,,,,,,,,,,175,,,,,,558,,,,,,,,,,,,,,,161,,,,,,,,,117,,,,,,,,,,,,,,,,,,,,,,,,,,,,,,,,,4423,,,,,,,,,,,,,,,,,,,,,,,,,,,,,,,,409,179,,,,,,,,,,,,10280,,,,,3409,1973,,,,,,,,,,,,,,,,3097,,,,,,,,,,,,,,,,,,,,,,,,,,,
Botswana,,,,,,2672,,,,,,337,,,,,,,,,,,,,,,,,,,,,,,,,,314,,,,,,3184,,,,,,,,,,,,,,,2552,297,,,,,,,,,,,,,,,,,,,,,968,,,,,,,,,,,,,,,,,7165,,,,539,,,470,,,,,538,,,,,,,2452,,,,,,482,3459,,,,,,,,1416,,,,,,,,,892,,1389,,,548,,,,,560,,,337,,527,,,,,,,,400,,,,,,,,,,,,,,,,,,,,200,,,,,,,,28048,,,1449,,,,524,376,,,,,,,,,,,,,,,,1238,,,6220,2233,961,,,,,,,,,,9659,23803
Brazil,57,,182,,10,6389,,,28815,52,,584,2318,,15,26,45,27,8,1679,5,26,,,38479,,68,,,,141,236,25,21,1184,27,138,1573,,11,,,15298,19229,,,6792,,79,,383,329,567,2059,,,443,143,96,489,,21,309,1715,3089,226,55,,180,10,,,,512,9476,701,,30,,63,16101,61,,1527,,26,,,289,57,937,1880,54,,125,1512,478,874,722,530,506,170,,1994,36843,137,48633,1045,24,45,85,20,,5,140,12229,,34,95,16,626,53,35,9,120,9,6,27,,,,,,2656,,125,,22,,503,1413,12,48,,50,3295,,271,364,13,1109,,,569,19,255,20,516,,38911,14890,354,3452,136775,,,8503,,,1691,1375,13,,30,144,,29,,34,58,325,184,429,29,6,114,,210,175,,,1573,,30469,40,,37,270,,629,2959,2044,7,456,38,49,9,,,186,79,359,21,,,64,727,32,4904,87,23308,,23840,26,,2844,126,,,,,101
British_Virgin_Islands,,,,,,,,676,,,,21,,,23,,,164,,,,,,,,,,,,,,,,,,,,210,,,,,,,,,,,,,,,,,,,,,,,,1079,1303,,,,,,,,,,,,21,,,,,,52,,,,,,,,,,,1466,,,,,,35,,,,,,,,475,,,,,,,,,,21,,,,,,,,,,,,,,,,,,,,,,,188,,,,,,,,,,,,,,,,,,,,,,,,,,57,,,,,,,,,2709,479,,1824,,,,,,,,,,,,,,,,,,,,,,,,,,,,,,,,,360,,,,,,,,,766,,1174,,,,,,,,,,,
Brunei_Darussalam,,,,,,,,,,,,504,,,,,1208,,,,,,,,,,,,,,,,,,,,,,,,,,,2012,504,,,,,,,,,,,,,,,,,,,,,,,,,,,,,,,,,,,,,,,,,,,,,,,,,,,,,3017,6036,,,,,,,,200,,,,,,,,,,,,,,,,,,47276,,,,,,,,,,,,,,,,,,,,5232,301,,200,,,,,,,,804,,,,,,13176,,,,,150,,,,,,,,,,,,,,,,,,,1509,,,,,,,,,1208,,,,,,,,,14083,,,,,,,,,,,,,,,2012,,150,,,,,,,,,,,
Bulgaria,286,1086,369,,1,6,37,5,113,1410,5,136,194,2064,4,8,603,4,603,393,2,31,1,28,21,,103,27,87,83,1,,11,15,7,13,8,232,2,,5,,20,824,,,22,,9,,5,5,80,247,,234,885,34,14,60,3,1,20,12,126,7,,3,57,51,,,2,53,538,,,11,10,279,1996,10,8,4724,3,,,,6,10,5,4,5,,2,323,148,145,23,252,638,10,,323,1038,6,111,156,929,11,5,97,82,1,121,592,,5,189,3,103,8,2,,2,2,1,34,1,,3,1,,24,,4,57,26,,74,25,,3,2,5,286,,21,28,1,71,,,92,2,39,,6,3,2,20,34,1146,95,,8,53,1814,,5792,17940,2,,,,,,6,4,,32,9,2209,,1,7,,278,34,,3,127,,1497,9,0,35,1,3,117,156,1198,115,12,2325,,,1,2,,76,3791,252,3,14,5,5631,58,2914,13,1132,,16,654,1,25,598,0,0,45,11,28
Burkina_Faso,,,,,,,,,,,,,,,,,,,,,,3996,,,,,,,,,,,,,,,,,,,,,,,,,,,,,,517165,,,,,,,,,,,,,,,,,,,,,,,,,,,,,,30810,,,,,,,,,,,,,,,,,,,,,,,,,,,,,,,,,,,,,,,,,,,,,41902,,,,,,,,,,,,,,,,,,,,,,,12200,4944,,,,,,,,,,,,,,,,,,,,,,,,,,,,,,,3857,,,,,,,,,,,,,,,,,,,,,,,,,14721,,,,,,,,,,,,,,,,,,,,,,,,,
Burundi,,,,,,,,,,,,,,,,,,,,497,,,,,,,,,,,,,,,,,,,,,,,,,,,,,,,,,,,,,,,137611,,,,,,,,,,,,,,,,248,,,,,,,,,,,,,,,,,,,,,,,,,,,,,,,,,,,847,,,,,,,,,,,,,,,,,,,,,,,,,,,,,,,,,,,,,,,,,,,,,,,,,,,,,,,,,,,,,,52794,,,,,,,,,,,,,,,,,,,,,,,,,,,,,,,,,,,,,,,,,,,,731,,,,22974,,,,,,,,,,,,
Cabo_Verde,,,,,,356,,,4,,,,,,,,,,,10,,,,,,,,,275,,,,,,,,,,,,,,,22,,,,,,,,7,,82,,,,,,,,,,,,,,,,,,,,,194,,,8,5,,65,40,,,,,,,,398,4829,,,,,,,,,,,,,,392,,1,,,,,,,,,,,,,,,4,,,,,7,,,,,,,3,,,,,,,25,,,,,36,,,,,645,,,,,,,,,,3,,,1116,,,,,,,672,,,,,,,,,1649,,1423,,,14,,,,,,,,,138,,,,,,,13,,,,,8,,,,,,,,,,,21,,50,,338,68,,,,,,,,,,
Cambodia,,,,,,,,,,,,129,,,,,,,,,,,,,,,,,,,,,,,,,,47,,,,,,1682,129,,,,,,,,,,,,,47,,,,,,,,,,,,,,,,,305,,,,,,42,,,,,,,,,,,,,,,,,105,116,,,,,,17,,138,,,,,,,288,,,,,,,,,,,191,,,,,,,,,,,,,,,,,58,,,50,33,,,,,,,,,,45,,,,,,169,,,,,62,,,,33,,,,,,,,,,,,,,,136,,,,,,,,,52,,,,,,,,,34143,,,,,,,,,,,,,,,102,,216,,,,,,40384,,,,,
Cameroon,,,,,,2046,,,,,,,,,,,,,,,,1921,,,,,,,,,,,,,,,,143,,97713,56426,,,,,,,,2365,,,,,,,,,,3265,,,,,,,,2688,,,,,,,,3695,,,845,,,236,,,153,,,,,,3665,,,,,,,,,,,,,,,407,,,,,,,,,,,,,3407,,,,,,,,,6567,,,,,,,,,,,,,,,,,,,127,,,,8409,82748,,,,,,,,,,,,,,,,,,,,,,,,,,,,,,,2524,,,,,,,,,,,,,,,,,,,,,,,,,,,,,,,,,,,,,204,,655,,,,,,,,,,,
Canada,40922,13659,51025,0,0,2676,73,2395,19104,3507,588,24641,17180,2963,1933,2137,45838,15397,10429,20687,1923,1947,2851,2254,5071,,35419,602,26258,97,3939,17302,1311,6688,185,23582,8830,,384,355,763,,26030,636401,203786,5508,63081,185,1787,0,4509,6198,39707,13537,,3803,20702,622,19322,14960,1447,3007,8772,13950,50044,43516,68,7937,4051,24704,,0,24213,9812,109356,78,126,976,525,1710,166963,21357,301,65325,0,10312,588,0,15708,4109,87,86376,83613,,6339,39766,709,556092,14445,122237,49515,30003,,24432,252815,125438,32378,9880,9326,24991,0,13110,1705,14125,6387,80995,102,2147,5678,0,5377,481,3497,699,23038,0,1617,7305,0,568,534,13221,0,83715,0,175,1122,1545,607,57150,1141,8024,1069,0,8796,98053,131,11560,8879,724,30810,,,4682,1569,156773,0,2569,525,7470,26933,487954,149987,136304,418,1715,129149,12478,340,81471,73194,5256,0,2045,5304,287,12503,112,0,0,22494,5528,32087,894,2438,11842,,13100,8223,0,22144,42219,,9792,131534,7534,13620,889,321,7262,20192,22071,1069,14552,9452,0,2477,,92,66826,11721,26370,418,73,0,11803,65417,14912,543482,19337,307143,58,6698,4804,0,17656,163612,0,,1938,3560,9948
Cayman_Islands,,,,,,,,,12,,,173,47,,171,,,169,,12,323,,32,,,,,,66,,,,,,,,,1332,,,,15,,,,,385,,,,120,,,695,12,,,,,18,,,61,,,,,,,,,,,10,36,,,,,,126,,,,,16,,,,,,308,18,,1682,,,535,,10,,213,,12,85,9467,20,,,34,,,,,,,,,,,,,,,18,,,,,,,,,38,,,,,,,,,,,,36,,53,364,28,10,,,,,102,,126,,,15,1730,,,45,,,,,,,,,,10,,30,,,,,,,,,,,,,,,36,,28,,,,,,,75,,,51,,,,,,289,,,,,,,,,1969,15,2640,,,,,34,,,,,10,18
Central_African_Republic,,,,,,,,,,,,12,24,,,,,,,,,,,,,,,,0,,,,,,,,,213,,,11488,,,,,,,,,,,,,,,8,,,19723,2,,,,,44,,,,,,,,,,10976,,,,,,,,,,,,,,,,,,,,,,,,,,,12,,,76,,,,,,,,,,,,,,,,,,,,,,345,,,,,,,,,,,,,,,,,,,38,,,,,,,,,,,,,,,,,,,,,,,,,156,,,,,,,,,84,,,,,,,,,49,,,60,0,,,,22388,,,14,166,,,,,,10,,,,,8,,,,,,,,,628,,,,,,,,,,,
Chad,,,,,,,,,,,,,,,,,,,,,,,,,,,,,,,,,,,,,29790,,,75211,,,,,,,,,687,,,,,,,,,,247,,,,,,,,,,,,,,,,852,,,281,,,,,,,,,,,,,,,,,,,,,,,,,,,,,,,,,,,,,,,,,1054,,,,,,,,,,,,,,,,,,,,,,,,,,,,,,,2512,2401,,,,,,,,,,,,,,,,,,,,,,,,,,,,,,,,,,,,,,,,,,,,,,293127,,,,,,,,,,,,,,,,,,,,,,,,,,,,,,,,,,,
Channel_Islands,,,,,,,,,,,,,,,,,,,,,,,,,,,,,,,,,,,,,,,,,,,,,,,,,,,,,,,,,,,,,,,,,,,,,,,,,,,1866,,,,,,,,,,,,,,,,,,,,,,,,,,,3731,,,,,,,,,,,,,,,,,,,,,,,,,,,,,,,,,,,,,,,,,,,,,,,,,,,,,,,,,,,,,,13060,,,,,,,,,,,,,,,,,,,,,,,,,,,,,,,,,,,,,,,,,,,,,,,,,,,,,,,55971,,,,,,,,,,,,,
Chile,9,15,28,,6,34,9,8,68235,7,2,607,325,2,1,2,3,2,3,514,1,1,3,2,27728,,7,3,11100,0,0,56,1,1,1,2,3,1125,1,2,11,,,5743,32,6,15882,1,8,1,283,6,233,1856,,8,89,3,8,142,0,18,169,22016,50,142,1,1,28,3,1,2,6,82,1929,1,3,3,1,1,7404,4,3,119,3,3,4,2,138,2,2,9,28,1,146,201,7,336,53,50,14,78,,329,2299,13,496,52,4,12,,6,2,1,21,125,7,3,13,2,11,9,6,1,15,1,55,9,,3,1,2,1,1058,1,6,1,,1,53,29,1,3,4,6,398,2,87,146,7,12,3,4,208,3,98,2,313,2,746,152768,122,270,153,112,17,652,6,2,219,360,3,204,8,37,1,3,,1,7,11,3,,,1,36,,32,24,0,7,12446,,5376,4,429,2,2,2,764,630,186,1,22,247,,12,,168,7,10,157,2,2,,2,98,3,11049,6,4902,1,1392,2,1,2514,7,1,2,,3,7
China,,,,,,,,,,,,4542,,,,,3492,,,,,,,,,,,,64552,,,,,,,,,7498,,,,,,,234829,21201,,,,,,,,,,,,,,,,,,,,,,,,,,,,,,,,,,,,,,,,,,,,,,,,,,,,7793,34528,,,,,,,,5932,,,,,,,,,,,,,,,,,,5327,,,,,,,,,,,,,,,,,,,,,,,,,,,,,,,3827,,,,,11716,63493,,,,,162303,,,,2575,,,,,,,,,,,,,,,,,,,,,,,,4723,,,,,,,,,13201,,,,,,,,,,,,,,,7915,,23268,,,,,,24413,,,,,
Hong_Kong,,,,,,,,,,,,8903,,,,,435,,,,,,,,,,,,,,,,,,,,,14357,,,,,,2260045,,69830,,,,,,,,,,,,,,,,,,,,,,,,,,,,,2149,,,,,,1932,,,,,,,,,,,,,,,,,17632,131809,,,681,,,629,,13892,,,,,,,,,,,,,,,,,,14957,,,,,,,,,,,,,,,,,,,,9141,999,,2201,,,,,,,,7398,,,,,,115475,,107,,,4732,,,,86,,,,,,,,,,,,,,,9675,,,,,,,,393,766,,,,,,711,,,18795,,,,,,,,,,,,,,,17301,,12976,,,,,,10704,,,,,
Macao,,,,,,,,,,,,,,,,,,,,,,,,,,,,,,,,,,,,,,,,,,,,261728,20550,,,,,,,,,,,,,,,,,,,,,,,,,,,,,,,,,,,,,,,,,,,,,,,,,,,,,,,,,,,,,,,,,,,,,,,,,,,,,,,,,,,,,,,,,,,,,,,,,,,,,,,,,,,,,,,,,,,,,11027,,1456,,,,,,,,,,,,,,,,,,,,,,,,,,,,,,,,,,,,,,,,894,,,,,,,,,,,,,,,,,,,,,,,,,,,,
Colombia,108,46,24,,43,50,39,37,2986,,287,205,195,,,,,,,406,,,,,764,,,,2181,,,79,,,,,,919,,,,,1889,1901,33,,,,,,986,,53,1699,85,,37,187,,85,,46,359,13284,131,358,,,20,,,,,44,1924,,,,,,2204,,,109,,,,,429,,,18,108,,329,131,,134,78,110,21,122,,437,2621,56,674,167,,,,24,,,18,1095,,,,,42,21,,,,,,,,,,,,2664,,,,,,66,,,,,,329,,48,535,,43,,,77,,39,,1929,,202,4708,90,238,107,516,,256,,,207,628,,,,,,,,,,66,,,,,,21,,27,,,50,,6188,,,,,,170,634,127,,,,,,,,35,,44,,,,,211,38,1155,,17587,,406,,194,43511,,,,,,
Comoros,,,,,,,,,,,,,,,,,,,,,,,,,,,,,,,,,,,,,,,,,,,,,,,,,,,,,,,,,,,,,,,,,,,,,,,,,,,486,,,,,,,,,,,,,,,,,,,,,,,,,,,,,,,,,,,77,,,,,,,,,,,,,9689,,,,,,,,,,,,,,,,,,,,,,,,,,,,,,,,,,,,,,,,,,,,,,857,,,,,,,,,,,,,,,,,,,,,,,,,,,,,,,,,,,,,,,,,,,,,,,,,,,146,,,,,,,,,,,,
Congo,,,,,,31028,,,,,,,,,,,,,,,,11432,,,,,,,,,,,,,,,8502,,,24601,7949,,,695,,,,,,,,,,403,,,,,252142,,,,,,,,1190,,,,,,,,7765,,,2380,,,436,,,,,,,,,,,,,,,,,,,,,,,,,,,,,,,,,,,878,,,,,,,,,,,25520,,,,2369,,,,,,,,,,,,,,,,,,,,,,,,,,,,,,,,,1084,,,,,,,1938,18900,,,,,,,,,,9981,,,,,,,,,,,,,,,,,,,,,,,,,1834,,,,,,,,,,,,,,125,,,,,,,,,,,
Cook_Islands,,,,,,,,,,,,336,,,,,,,,,,,,,,,,,,,,,,,,,,,,,,,,,,,,,,,,,,,,,,,,,,,,,,,,,,,,,138,,,,112,,,,,,,,,,,,,,,,,,,,,,,,,,,,,,,,,,,,,,,,,,,,,,,,,,,,,,,,,,,,,,,,,,,,,17,,2340,,,,16,,,,,,,17,,,,,,,,,,,,,,,,,,,9,,,,,,,,,,,,,,,,,,,,,,,,,,,,,,,,,,,,,,,,,86,,29,,,,,,,,,,,
Costa_Rica,4,4,12,,,3,,,1446,7,32,66,127,3,12,1,3,11,5,288,137,1,11,4,364,,,,536,,,70,,,,3,9,1387,8,5,,110,1713,287,3235,1,20945,,8,,,3,24,5669,,3,,36,3,63,,5,1082,1253,11,13688,,,3,1,,,1,22,860,12,,1,,12,1838,1,4,33,8,8,,5,2620,,,28,70,,3865,73,1,54,17,99,15,29,,168,2100,214,279,11,5,8,,,,4,1,87,,,11,4,9,15,3,,4,1,,,,4,,,,3053,,1,15,,4,4,4,12,,,8,578,,17,287766,,3,,,75,3,9,,11250,,82,3726,137,298,77,351,3,250,4,,98,590,1,,1,1,1,1,,,,13,1,,,,8,,22,,,1,57,,2130,1,,1,20,1,135,662,11,,7,26,,,,,34,4,8,,,,9,153,,512,4,12480,7,309,1,,1360,1,,,,,1
C?te_d'Ivoire,,,,,,,,,,,,,,,,,,,,,,52074,,,,,,,,,,,1246597,,281,,,,,,,,,,,,,,,,,,,,,,,,,,,,,,,,,,,,,,,,,,,,42,,,41173,,,,,,,,91478,317,,,,,,,,,,,,,,,,,,,,,,,,,,,79389,3530,,,,,,,,342891,,,,7702,,,,,,,,,,,,,,,,,,,47947,37482,,,,,,,,,,,,,,,,,,,,,,,,,,,,,,,18294,,,635,,,,,,,,,,,,,,,,,,,,,,48472,,,,,,,,,,,,,,,,,,,,,,,,,
Croatia,,172,56,,,,,,199,,,1585,5115,,,,,,93,373,,,,,32,,402318,,192,,,303,,,,,,998,,,,,125,443,,,45,,,,,,,,,,943,,,101,,,,,245,,,,20,,,,,39,1749,,,,,,33561,,,146,,,,,,,,,,,,1037,,67,27,48,81,53,,55,3120,,56,68,67,,,,,,27,65,,,149,,26,31,,,,,,,,,,,,39,,,,6142,,29,,,,,,804,,115,,,29,,,112,,,,,,,85,75,732,50,,,27,113,,496,1303,,,,,,,,,,,,51856,,,,,640,19463,,,202,,187,,43,66,,,624,2990,179,,,9992,,,,,,,85,,,,,753,,666,,1606,,,,,55,,,,,46,
Cuba,,114,49,,,102,,,174,,,,,,,,,,,,,,,,60,,,,,,,139,,,,,,63,,,,,184,308,,,166,,,,,,,,,,190,,,,,,125,63,,,,,,,,,,,154,,,,,,353,,,,91,84,,,71,,,,969,,,72,,,,,,,,,231,307,,,,,,,,,,58,,,,,,,,,,,,,,,,,,417,,,,,,,,,,,,,,,280,,,,,,,,,86,,,89,,99,,128,,,,,71,2108,,,,,,,,,,,,,,,,,,,,,,,5024,,,,,,,,,,,,,,,,,,,,,,,641,,52,,556,,,,,202,,,,,,
Cura?ao,,,,,,,39,50,20,,1572,,,,75,,,176,,84,,,,,,2148,,,,92,,,,,,,,83,,,,,,450,103,,4414,,,,,,,215,,,,,,,,99,5259,,,,,,,,,,,,,,,,,,115,,,,,2,87,,,,,422,1811,,,,,587,168,,,,,,22,1197,120,,,,,,,,,232,,,,,,,,,,,,,,29,,,,12,,,,,,,,,,,,8745,,,,,,,,,,,,,,,97,,,846,14,,,,,,,,,167,,,268,,,,,,,,,,460,,,,,,,19,,,,1722,,,,,,,,,,,,89,,,,,,,,,23,,304,26,,,,1645,,,,,,
Cyprus,10,296,38,0,,,,,89,1254,,3180,378,38,0,115,694,,362,279,0,10,0,,12,,73,10,63,,5,6569,,5,,0,61,1606,,16,,,51,1708,,,134,,,,5,,89,38,,,720,35,730,180,5,0,12,10,5533,12,,5,30,86,,,5,528,978,0,,,,16310,2772,89,5,25300,,,,,0,0,,,5,,5,368,35,2934,185,1284,335,828,,408,514,16,89,471,253,89,,249,26,5,175,2938,,,244,,99,12,10,10,48,,,35,,0,,12,,68,,,,,,68,12,48,5,,61,514,,99,12,10,326,,,213,68,554,,21,,10,35,7690,755,68,5,12,10,1004,,5771,13876,0,,,,,0,,,,249,10,2703,10,5,35,,145,16,,12,5300,,167,10539,387,554,5,,973,403,3476,10,279,21,,,,,16,38,653,12,,,21,3496,162,38844,155,3393,,5,78,,68,68,,,16,145,326
Czech_Republic,320,264,622,,0,180,,0,103,2050,,403,2213,687,,16,118,1,3852,431,0,41,3,3,70,,2574,75,304,,,6171,12,4,11,20,82,544,,0,7,,86,4601,0,,153,1,50,,28,74,1396,366,,80,,25,55,266,3,2,32,77,478,11,0,3,129,72,,,3,220,2012,,,2,11,988,11156,114,,488,,1,,,30,71,20,7,4,,10,778,27,930,119,313,440,470,,415,2305,11,1359,149,4671,78,1,87,721,27,228,322,2,9,147,1,466,17,27,0,336,3,28,17,0,,4,27,,242,,3,5258,32,,245,5,57,22,0,106,2279,,114,11,6,495,,,113,,380,0,24,3,31,168,323,18583,130,,6,1023,9878,,3909,28721,5,,0,3,,1,0,1,2,62,51,781,0,11,31,,70286,222,0,35,282,,503,97,106,61,7,0,348,448,545,294,520,1952,0,13,,0,4,555,924,152,,0,23,125343,33,3869,21,3351,,19,2218,1,85,53245,,0,179,51,37
Democratic_People's_Republic_of_Korea,,,,,,,,,,,,183,,,,,138,,,,,,,,,,,,2525,,,,,,,,,301,,,,,,25969,149,,,,,,,,,,,,,,,,,,,,,,,,,,,,,,,,,,,,,,,,,,,,,,,,,,,,,330,1284,,,,,,,,191,,,,,,,,,,,,,,,,,,178,,,,,,,,,,,,,,,,,,,,,,,,,,,,,,,154,,,,,474,2656,,,,,4866,,,,132,,,,,,,,,,,,,,,,,,,,,,,,139,,,,,,,,,511,,,,,,,,,,,,,,,276,,934,,,,,,682,,,,,
Democratic_Republic_of_the_Congo,,,,,,260002,,,,,,,,,,,,,,,,,,,,,,,,,,,,37686,,,,,,,,,,,,,,,1551,,,,,,,,,,,,,,,,,,,,,,,,,,,,,,,,,,,,,,,,,,,,,,,,,,,,,,,,,,,,,,,,,,,,,,,,,,,,,,,,,,,,,,,,,,,,,,,,,,,,,,,,,,,,,,,,,,,,,,,,,,,124070,,,,,,,,,,,,,,,,,,,,,4472,,,,626,,,,,,,,,,,,,,,,,,,33,,,,,,,,,,,,,,,,
Denmark,10340,261,940,,0,152,,3,1120,628,5,2591,1779,278,14,81,708,34,647,1768,11,55,0,286,437,,18889,71,3017,,4,2853,56,529,25,195,558,3549,,10,15,,1480,10878,515,0,3003,18,670,1,144,419,751,433,,158,899,353,621,,22,11,129,545,1547,74,,220,1089,1686,11158,,25,3777,6224,0,0,7,613,203,35441,1682,,1455,15253,10,0,,231,91,47,100,150,,113,2757,8794,8321,1106,12574,22302,1419,,1695,5065,155,1726,1143,148,1410,1,1357,33,51,2711,12745,44,154,218,21,5362,442,54,80,705,7,37,100,0,0,30,146,,926,,15,65,81,,5432,188,1256,59,,1522,6553,,751,184,14,1118,,,19447,18,11543,,69,8,66,991,9396,27062,1205,0,69,8790,308,0,6472,4971,324,,,7,,8,19,1,0,249,132,1581,18,331,681,,886,239,3,10447,1639,,4542,8060,0,673,29,47,21613,2513,2124,25,10771,2630,,142,,11,162,886,33760,15,,,1377,6508,324,17012,1011,11215,,221,251,3,606,9951,,,154,540,352
Djibouti,,,,,,,,,,,,,,,,,,,,,,,,,,,,,,,,,,,,,,,,,,,,,,,,,,,,,,,,,,,,,,,,,,,,,,11141,,,,,,,,,,,,,,,,,,,,,,,,,,,,,,,,,,,,,,,,,,,,,,,,,,,,,,,,,,,,,,,,,,,,,,,,,,,,,,,,,,,,,,,,,,,,,,,,,,,,,,,,,,,,,,,,,,,,,,,,,84118,,,,,,,,,,,,,,,,,,,,,,,,,,,,,,,,,,,,,,,240,,
Dominica,,,,,,,16,379,,,40,6,,,10,,,143,,,,,,,,,,,,73,,,,,,,,158,,,,,,33,,,,,,,,,,10,,,,,,,,,,,,,,,,,,,,,69,20,,,,,26,,,,,,33,,,,,163,1196,,,,,24,,,,,,,,111,,,,,,,,,,29,,,,,,,,,,,,,,123,,,,,,,,,139,,,,,,,9,,,,,43,,,,,,,,,,,,,,14,,,,,,,,,54,241,,107,,,,,,,,,,,,,,,,,,,,,16,,,,14,,,,,,,,262,,,,,,,,,543,,534,,,,,26,,,,,,
Dominican_Republic,,,,,,,32,170,1015,,152,38,197,,37,20,,,,243,,,15,8,162,,5,,611,71,,70,,3,3,115,22,1152,,128,3,,600,1406,,,3416,,,8,291,,,3639,,,28,,,24,,14,,551,,253,,,,,,,,26,1936,,,,,,1574,,,60,,,53,,406,,,22,311969,,402,20,,90,,29,26,31,,58,3595,126,327,,10,,,,,,,142,,,,,,,,,17,,,24,,31,,,,1419,,,,,,32,,,,,,562,,,277,,24,,,52,,75,,717,,24,1353,48,42,101,5763,,535,11,,41,457,,92,130,,61,,,,,17,,69,,,,,,,,,10,,6691,,18,,26,,70,990,24,,,25,,,,,22,,29,,33,,,72,,457,,24457,78,173,,,5132,,11,,,,
Ecuador,38,49,33,,,29,,,3712,26,,257,376,,33,,,,,588,,,,,1051,,,,1825,,,134,,,,,31,1610,,,,,7797,2013,67,,192805,,,,645,,56,2059,,,217,334,,126,,,243,,58,359,,,,,,36,,87,1557,,,,23,,3029,26,,49,,,,,296,,,,66,,323,149,,157,44,132,24,137,,358,2644,26,505,49,,,,,,,,305,,,,,,,,,24,,,,,,,,,1553,,,,,,33,,,,,,570,,77,270,,34,,,162,,36,,663,,167,9422,86,215,252,344,,557,,,208,1028,,,,,,,,,,61,,,,,,,34,,,,84,,5138,,67,,,,240,1349,44,,,1,,,,,31,,,,,,,276,,1484,,18426,,659,,,6120,33,,,,,
Egypt,198,113,832,,,27,,16,235,151,,442,568,31,14,378,239,,262,528,,35,,,,,59,,123,,65,65,62,35,,,119,596,,55,313,,26,722,,,55,854,70,,,216,97,,,81,190,97,123,284,349,,,12,,200,,499,25,614,,,,234,2684,,,,28,,7258,221,9,1200,,,,,9,135,87,,,,,126,,1169,2707,142,10013,90,,666,3930,,1084,4929,200,130,,2811,59,,,2986,,45,4714,,,,39,27,2651,27,203,,,,147,,,62,,77,14,,,997,16,12,251,,,932,,87,,110,762,,,114,510,581,,,,,,1030,357,43,,376,281,59,,228,7038,42,,,,,,,,,7693,399,,19,59,135,,59,,,19145,210,,390,210,126871,26632,,,332,1282,7129,122,1011,113,,,,,,735,841,45,,,82,161,672,2954,137,5674,,,106,,32,,,,5354,25,32
El_Salvador,,,,,,,,,207,,,26,11,,,,6,38,,50,325,,,,51,,,,232,,,,,,,,,235,,,,,220,248,8,,553,,,,840,,,123,,,,,,,,,69,118,,,,,,,,,,,205,,,,,,218,,,,,,,,8521,,,,,,11198,,,11,,17,,11,,41,270,10,52,,,,,,,,,,,,,,,,,,,,,,,,,,,1644,,,,,,,,,,,,32,,,7502,,,,,,,,,433,,11,224,18,,12,59,,123,,,,17,,,,,,,,,,,,,,,,,,,,,,,512,,44,,,,34,57,,,,,,,,,,,,,,,,,,86,,5176,,72,,,232,,,,,,
Equatorial_Guinea,,,,,,,,,,,,,,,,,,,,,,,,,,,,,,,,,,,,,638,,,,,,,,,,,,,,,,,,,,,,,,,,,,,,,,,,,,,,3649,,,205,,,,,,,,,,,,,,,,,,,,,,,,,,,,,,,,,,,,,,,,,,,,,,,,,,,,,,,,,,,,,,,,,,,,,,,,,287,,,,,,,,,,,,,,,,,,,,,,,,,,,,,1194,,,,,,,,,,,,,,1023,,,,,,,,,,,,,,,,,,,,,,,,,,,,,,,,,,,,,,
Eritrea,,,,,,341,,,,,,,,,,,,,,,,,,,,,,,,,,,,1029,,,,,,,,,,133,,,,189,,,,,,,,,,,1659,,,,,,,,,,,107,,,,,429,,,,,,,,,,,,,,,,,,,,,,,117,,,,,,,,,,,,345,,,,,,,,,,,,,,759,,,,,,,,,,,,,,,,,1088,,,,,,,,,,,,,,,,,,,,,,,,,,,,,,,459,,,,,,,,,,,,,,,,,,,2415,120,1465,,,,205,,,,,,,,,,,,,,,,,,,1498,,,56,517,,,,,,,,,,,237,319
Estonia,13,7,14,,,3,,1,14,690,,63,70,1600,,1,12,1,12796,117,1,,,,1,,2,0,62,,,78,,,,4,2,114,,1,,,8,201,1,,13,,4,,2,1,13,19,,13,67,6,2,135,,,1,7,41,2,,,,4,1,,,2398,212,,,,,1599,1369,6,1,25,,,,,7,,,2,,1,1,99,22,111,6,28,10,146,0,49,295,2,55,4,4095,2,1,6,593,,4259,10,,,4,1,2004,14,1,,2,,,,,,2,2,,28,,1,53,,,15,2,,1,,20,129,,11,1,,14,,,150,,32,,,1,,15,17,599,43,,1,19,884,1,64,154721,1,,1,,,,,,,1,2,13,,,3,,15,8,,2,23,,164,9,1,4,1,,451,42,6,403,15,4,,,,1,2,7,87,358,,,2,23350,7,524,4,624,,4,1174,,8,11,,,1,1,6
Ethiopia,,,,,,,,,,,,,,,,,,,,,,,,,,,,,,,,,,32,,,,,,,,,,,,,,,,,,,,,,,,,83,,3025,,,,,,,6354,,,,,,,,,,,,,,,,,,,,,,,,,,,,,,,,,,,,,,,,,,,,,,,,,,,,,,,,,,,,,,,,,,,,,,,,,,,,,,,,,,,,,,,,,,,,,,,,,,,,,,,,122,,,,,,,,,,,,,,,,,,,361609,,122021,,,,17102,,,,,,,,,,,,,,,,,,,178,,,,,,,,,,,,,,118,,
Faeroe_Islands,,,,,,,,,,,,,,,,,,,,,,,,,,,,,18,,,12,,,,,,14,,,,,,18,,,36,,,,,,25,,,,,,,3341,,,,,,,,,,27,,,,,,,,,,,20,16,,,143,,,,,,,,,,,,278,58,6,,,,,,,,,,,5,,,,,,,,,,,14,,,,,,,,,,,,,,,,,,,,,,,,,,,,,,,,,172,,,,,,,5,61,75,,,,47,,,81,39,,,,,,,,,,,,35,,,,,,,,,14,,,,,,,,68,,,,72,,,,,,,6,,,,,,,,92,,39,,,,,,,,,,,
Falkland_Islands_(Malvinas),,,,,,,,,24,,,38,,,,,,,,,,,,,,,,,,,,,,,,,,,,,,,181,,,,,,,,,,,,,,,,,,,,,,,,,,,,,,,,,,,,,,,,,,,,,,,,,,,,,,,,,,,,,,,,,,,,,,,,,,,,,,,,,,,,,,,,,,,,,,,,,,,,,,,,,24,,,,,,,,,,,,,,,,,,,,,,,,,295,,,,,,,,,,,,,,,,,,,,,,,,,,,,,,,,,,,,,,,,,,,,,,798,,17,,,,,,,,,,,
Fiji,,,,,,,,,,,,1832,,,,,1326,,,,,,,,,,,,,,,,,,,,,,,,,,,898,,,,,,32,,,,,,,,,,,,,,,,,,,,,,,,,,,,,,,,,,,,,,,,,,,,,,,,1255,,,,,,,,,,,,,753,,,,,,,,,,,,,,,,,,,,,,,,,,,,,,,,,,,,,588,,,,,,,,1771,,,,,,,,,,,,,,,,,,,,,,287,,,,,,,,,,,,683,,,,,,,,,,,,,,,,,,,1293,,,,,,399,,,,331,,,,,,179,,,,,,,
Finland,2735,193,707,,2,362,,1,304,75,0,1005,536,87,8,16,1414,12,229,473,2,6,0,3,134,,612,12,1026,,0,1164,7,42,8,233,548,1521,0,2,7,,384,7362,,,894,3,97,,54,111,173,359,,127,605,3,1090,905,6,3,127,160,833,50,9,67,26176,1576,,,8,,2026,,0,7,449,36,6197,961,,731,,1,,,66,55,6,19,12,1,40,1635,157,4140,347,4318,7502,453,,741,1874,58,1201,243,172,938,0,112,36,20,1098,514,0,108,150,0,645,79,12,14,389,1,4,32,,,8,39,,542,,3,47,3,,1730,59,963,74,,1188,1331,,186,90,18,1450,,,1591,6,1397,,22,8,14,425,1979,2891,372,,13,390,95,,1734,59355,249,0,1,3,0,3,3,0,0,254,127,86,6,112,155,,121,27,4,8450,650,,1727,723,30,0,3,10,32614,955,434,37,7062,104,,54,,1,27,582,5379,20,,2,137,1003,82,4759,447,4273,,84,89,1,132,4696,,,37,155,65
France,4401,6189,1322603,1,908,19679,9,56,11968,17642,10,7718,11610,3801,42,149,4618,71,3143,141648,8,18872,106,80,2909,86,12886,38,53069,,45,16295,8081,1725,20608,58559,75139,23794,,15456,6858,,13314,101734,477,16,25174,33867,64227,3,696,83144,9334,4419,,952,8419,56,70928,5991,6075,5956,3227,3824,28600,1030,361,590,840,8020,3,,145,3540,,,,18286,1763,7011,215982,6190,65,11916,12,,,,2768,27927,2834,4364,68723,,542,9756,355,44431,4572,21067,5658,9086,12,8502,339830,479,19762,1334,2388,1616,8,679,667,39404,2580,43600,45,726,2173,26,2419,11915,111307,99,2346,6,69849,453,,,16426,40988,,11630,3,23063,1319,1297,6,856493,1193,436,160,,1225,40527,,1810,598,5087,5331,,,3763,101,21983,,472,25,955,10800,14074,103216,659295,48,137,19138,6065,,83011,59160,5726,1,3,4391,,27,17,203,207,2301,108968,78304,552,1203,2111,,4117,2397,3,1741,4789,,281430,44249,918,2966,22541,19,9301,88072,15492,226,16780,4149,11,21968,,89,380,359248,274965,195,7,1,537,14681,725,171346,595,49835,1,2252,1020,684,5858,116235,,16,450,320,648
French_Guiana,,,83,,,,,,,,,,,,,,,,,129,,,,,,,,,16137,,,,,,,,,,,,,,,1032,,,,,,,,,,,,,,,,,,599,,,,,,,,,,,,,20809,,,,,,,,,,,,2009,,,,,3044,15743,,,,,,,,,,,,117,,,,,,,,,796,,,,,,,,,,,,,,,,4398,,,,,,,,,,,,,,,,,,,,,,,,,,,,,,,419,,,,,,,,351,,,,,,1246,,,,,,,,,,,,,,,,,,,,,,,25501,,,,,,,,,,,,,,,,,,,,,,,,,,,,,,,,,,
French_Polynesia,,,717,,,,,,,,,74,,,,,,,,,,,,,,,,,,,,,,,,,,135,,,,,,648,,,,,,,,,,,,,,,,,,,,,,,,,,,,,32,,22012,,,,,,379,,,,,,,,,,,,,,,,,41,18,,,,,,156,,25,,,,,,,,,,,,,,,,,,,,,,,,,,,,,,,,,,,,,,,,2235,117,,,,,,,,,,,,,,,,,,,,,,,,,,,,,,,,,,,,,,,,,,,,,,85,,,,,,,127,,,,,,,,,,,,,,,,,,89,,441,,,,222,,,35,,,,
Gabon,,,65,,,652,,,,,,,,,,,,,,295,,30722,,,,,,,,,,,4115,99,,,29811,172,,,2663,,,204,,,,,9604,,,1997,,,,,,95,5242,,,,,,,,51167,,,,,,,,9457,,,,,,52,3745,,,,,,,,2929,,,,,,,,,,,,,,10,,,19,,,,,,,,,1472,,,,,,,,,,,32463,,,,,,,,,,,,,421,,,,,,,,,,,14072,,,,,,,,,,,,,,,,115,,,,,124,,,,,,,,3830,,17951,,,,,,,,,,8,,,,,,,,,,17,,,,,13546,,,,132,,,,,,,,,,324,,,,,,,,,,,
Gambia,,,,,,,,,,,,,,,,,,,,,,,,,,,,,,,,,,,,,,,,,,,,,,,,,,,,,,,,,,,,,,,,,,,,,,,,,,,,,,,,,,,,,,,,,,38965,11899,,,,,,,,,,,,,,,,,,,,,,,,,,,853,,,,,,,,,8929,,,,3144,,,,,,,,,,,,,,,,,,,,,,,,,,,,,,,,,,,,,,,,,,,,,,,,,,,114333,,,2249,,,,,,,,,,,,,,,,,,,,,,,,,,,,,,,,,,,,,,,,,,,,,,,
Georgia,,,,,,,,,,2137,,,,4200,,,,,8929,,,,,,,,,,,,,,,,,,,,,,,,,246,,,,,,,,,,,,,,1596,,,,,,,,,,,515,,,,,,,,,,,,1635,,,,,,,,,,,,,,,,,,,,,,,,,,,,11617,,,,1856,,812,,,,,,2377,,,,,,,,,,,,,,,,,,,,,,,,,,,,,,,,,,,,,,,,,,2885,,,,211,2389,,432,100314,,,,,,,,,,,,,,,,,,,,,,,,,,,,,,,,1980,,,,,,,,,944,899,,,,24030,,,,,,,8245,,,,,,,,
Germany,96318,17442,22497,,,,,,17919,12189,,13429,249001,18541,,,7324,,24681,33783,,2071,,,5183,,193179,,61764,,,101822,1494,677,,2605,19234,19039,,,306,,15411,98954,,,21379,,4064,,1828,3902,202498,14044,,1790,525418,2891,8436,25108,,,10721,8203,22572,1287,,14148,11333,20116,,,,15747,140948,,,505,4272,22122,,29139,,207894,,,,,2023,4090,,,1529,,1393,166999,1742,66016,18985,132949,111208,10994,,14404,400667,2206,31979,12241,982965,14533,,,80885,3475,29689,76884,,1904,4322,297,48176,20243,1540,,5935,,1402,727,,,,,,17659,,,,24,,110735,,2200,,,3793,134651,,3134,1469,913,25736,,,8544,,48502,,710,,4919,17949,54376,1865829,95183,,,28189,22423,,570525,1044503,1193,,,,,,,,,3621,4029,103119,,3148,2758,,41428,38414,,7114,17756,,97210,45160,,,,,19324,81486,51330,28019,73470,0,,13776,,,886,39955,1600822,6403,,,2506,252446,,99909,0,132991,,3297,40863,,8797,109195,,,2797,893,
Ghana,,,11,,,,,,,,,27,,,,,,,,,,13963,,,,,,,11,,,,48707,,,,95,230,,,13,,,189,,,,,,,,25613,,,,,,,25,,,,,,32,,,,,25,,,,,182,,,,30,,,,,,,,,,,114,,,,,,,,708,,,,,,38,192,,46,,,13,,,,,,818,,23360,,,,,,,,,4175,,,,11,,,,,,,,,,,,,,,152,,,,4915,57056,,,,,55,,,,,,23,39,,,,,,,,55,311,,,,,,,,,,61,,,1939,,,,,,,,,,17,,21,,,,121,43,,,,,73815,,,,,,,,,,,,1130,7,508,,,,,,,,,,,
Gibraltar,,,,,,,,,,,,,,,,,,,,,,,,,,,,,,,,,,,,,,,,,,,,,,,,,,,,,,,,,,,,,,,,,,,,,,,,,,,,,,,,,,,,,,,,,,,,,,,,,,,,,,,,,,,,,,,,,,,,,,,,,,,,,,,,,,,,,,,,,,,,933,,,,,,,,,,,,,,,,,,,,,,,,,,,,,,,,,,,,,,,,,,,,,,,,,,,,,,1942,,,,,,,,,,,,,,,,,,,,,,,,,5317,,,,,,,,,,,,,
Greece,6470,446942,1126,0,4,9,11,30,655,14600,1,20667,2302,518,23,24,10027,11,1489,5236,5,8,8,2,24,,450,8,2265,1,,74491,81,136,14,22,472,12887,0,402,19,2,375,3470,0,,408,75,1445,0,39,118,438,360,,22081,4527,35,214,921,40,19,578,86,28887,51,1,286,132,2473,1,,1,788,6842,0,10,8,51,85216,116849,610,5,,3,2,0,0,31,186,0,11,39,0,51,1766,55,10375,453,1947,3731,603,5,728,6441,12,520,831,27573,464,,143,560,42,360,2097,0,32,655,10,557,142,133,,64,3,30,92,0,,121,39,,405,,46,8,,80,2121,66,20,8,,51,3828,,502,164,25,2920,,0,528,5,31981,192,160,4,81,297,8656,16007,332,0,1127,216,10269,0,47206,55380,99,4,2,,1,7,459,1,7,435,654,4478,25,179,84,,882,133,0,758,7061,,1207,908,1023,1896,9,22,5538,3779,7198,99,386,2217,222,14,0,,18,650,34223,119,,11,143,19883,88,18067,404,23340,0,115,8388,73,1049,215,1,0,28,244,429
Greenland,,,,,,,,,,,,,,,,,,,,,,,,,,,,,,,,17,,,,,,11,,,,,,8,,,,,,,,,,,,,,,,5083,,,,,,,,,,,260,,,12,13,,,,,,76,,,,,,,,,,,,,,,,98,,,,,,,,,,,,,,,,,,,,,,,,,,,,,,,,,,,,,,,,,,,,,,,,,,,,,,,,,73,,,,,,,,52,28,,,,,,,11,,,,,,,,,,,,,,,,,,,,,,,,,,,,,,93,,,,129,,,,,,,,,,,,,,,19,,31,,,,,,,,,,,
Grenada,,,,,,,,38,,,,,,,30,,,176,,,,,,,,,,,,14,,,,,,,,225,,,,,,,,,,,,,,,,,,,,,,,,74,,,,,,,,,,,,,,,,,,,,,,,,,,,,,,337,,,,,,,,,,,,,,114,,,,,,,,,,,,,,,,,,,,,,,,,,,,,,,,,10,,,,,,,,,,,,,,,,,,,,,,,,,,,,,,,,,,,15,162,,373,,,,,,,,,,,,,,,,,,,,,,,,,,,,,,,,,2170,,,,,,,,,,,,696,,,,337,,,,,,
Guadeloupe,,,150,,,,,,,,,,,,,,,,,446,,,,,,,,,61,,,,,,,,,478,,,,,,,,,,,,,,,,,,,,,,,,4215,913,,,,,,,,,,,,53722,1148,,,,,303,,,,,,,,,,,181,14731,,,,,193,,,,,,,348,,,,,,,,,,,245,,,,,,,,,,,,,,9104,,,,,,,,,,,,,,,,772,,,,,,,,,,,,,,,,,,450,,,,,383,,,,,,398,,,,,,,,,,,,,,,,,,,,,,,36,,,215,285,,,,,,,,,,,,,,,,,402,,478,,,,,,,,,,,
Guam,,,,,,,,,,,,,,,,,,,,,,,,,,,,,,,,,,,,,,,,,,,,2133,,,,,,,,,,,,,,,,,,,,,,,,,,,,,,,,,,,,,,,,,,,,,,,,,,,,,,,,,,,,,,,2082,,,,,,,,,,,,,,,,,,,,,,232,,,,,,10545,,,,,,,,,,,,,,,,,,2197,,,,1437,,,,,29028,,,3915,,2687,,,,,,,,,,,,,,,,,,,,,,,,,,,,,,,,,,,,,,,,,,,,,,,,,,,,,,18343,,,,,,351,,,,,
Guatemala,,,,,,,,,482,,,61,,,,,,,,,796,,,,118,,,,209,,,,,,,,,345,,,,,262,571,,,1005,,,,1010,,,574,,,,,,,,,95,145,28,16691,,,,,,,,,224,17,,,,,556,,,,346,,,,,,,,12,,7292,,,,35,16,,,,114,320,,128,,,,,,,,,22,,,,,,,,,,,,,,,,,,15250,,,,,,,,,,,,122,,,7443,,,,,,,23,,261,,51,397,58,,25,88,,1553,,,,,,,,,,,,,,28,,,,,,,,,,,,,1148,,40,,,,41,134,68,,,,,,,,,,22,,,,,,,194,,7514,,122,,,246,,,,,,
Guinea,,,,,,,,,,,,,,,,,,,,725,,8306,,,,,,,870,,,,1690,,341,,,1045,,,,,,469,,,,,,,,12219,,211,,,,,,,,,,,,,,,,,,,,,5800,,,,2861,,2995,4721,,,,,,,,,9887,,,,,,,,,211,,,,,355,,93,,,,,,,,,3006,,29367,,,,,,,,,54950,,,,1351,,,,,,,,,,,,,,,,,,,4919,3213,,,,,,,,,,,,,834,,,486,,,,1685,,,,,,,,,,2406,23921,,,13557,,,,,,,,,205,,,,,,,,100,,,,,5184,,,,,,,,,,293,,,,1948,,,,,,,,,,,
Guinea-Bissau,,,,,,,,,,,,,,,,,,,,,,,,,,,,,,,,,,,521,,,54,,,,,,,,,,,,,,,,,,,,,,,,,,,,,,,,,,,,,104,,,,1410,,,,,,,,,,,4657,,,,,,,,,,,,,,,,,,,,,,,,,,,,847,,,,,,,,,,,,,527,,,,,,,,,,,,,,,,,,,,,,,,,,,,,,,,,776,,,,,,,,,,,,,,,,,,10455,,,766,,,,,,,,,,,,,,,,,,,,,,,,,,,,,,,,,,,,293,,,,,,,,,,,
Guyana,,,,,,,,16,,,,,,,13,,,229,,,,,,,,,,,1821,,,,,,,,,341,,,,,,980,,,,,,,,,,,,,,,,,,37,,,,,,,,,,,,,,,,,,,,,,,,165,,,,,,,,,,,,,,,,,,,,252,,,,,,,,,,,,,,,,,,,,,,,,,,,,,,,,,,,,,,,,,,,,,,,,,,,,,,,,,,,,,,,,,,,,,187,,314,,,,,,,,,,,,,,,,,,,,,3920,,,,,,,,,,,,751,,,,,,,,,490,,1071,,,,,1791,,,,,,
Haiti,,,,,,,,,856,,,,313,,,,,,,,,,,,,,,,,,,,,,,,,1156,,,,,613,640,,,1523,,,,504,,,2213,,,,,,,,,4426,,,,,,,,,,,,818,,,,,,1648,,,,,,,,,,,,,,,,,,,,,,,,2257,,408,,,,,,,,,,,,,,,,,,,,,,,,,,,563,,,,,,,,,,,,,,,,,,,,,,,,,,,646,,,,2843,,,,,,,,,,,,,,,,,,,,,,,,,,,,,2384,,,,,,,694,,,,,,,,,,,,,,,,,,,,2956,,527,,,4616,,,,,,
Holy_See,,,,,,,,,,,,,,,,,,,,,,,,,,,,,,,,,,,,,,,,,,,,,,,,,,,,,,,,,,,,,,,,,,,,,,,,,,,,,,,,,,,,,,,,,,,,,,,,,,,,,,,,,,,,,,,,,,,,,,,,,,,,,,,,,,,,,,,,,,,,,,,,,,,,,,,,,,,,,,,,,,,,,,,,,,,,,,,,,,,,,,,,,,,,,,,,,,,,,,,,,,,,,,,,,,,,,,,,,,,,,,,,,,,,,,,,
Honduras,,,,,,,,,136,,,,,,,,,,,18,260,,,,105,,,,169,,,,,,,,,249,64,,,,221,425,,,618,,,,613,,,436,,,,45,,,,,96,328,,6303,,,,,,,,,103,,,,,,208,,,,,,,,3280,,,,31,,,,,,,,,,,64,186,19,99,29,,,,,,,,,,,,,,,,,,,,,,,,,,1116,,,,,,,,,,,,65,,,5530,,,,,,,,,284,,25,274,,,,92,,49,,,,18,,,,,,,,,,,,,,,,,,,,,,,374,,110,,,,22,44,,,,,,,,,,,,,,,,,,73,,4851,,48,,,73,,,,,,
Hungary,782,189,688,,,80,,,327,212,,944,8121,151,7,14,68,5,233,1624,1,26,1,,57,,388,6,508,,,2102,,,,74,201,2090,,7,1,,158,11091,,,199,,81,,32,24,2345,613,,277,1600,,26,364,,,36,112,777,13,,11,126,132,,,,701,3841,,,5,11,212,31303,124,,1327,,5,,,18,43,8,5,,,11,,130,1111,217,2043,831,807,,1688,3835,30,1351,396,532,88,,175,132,45,142,345,6,33,320,7,145,138,32,,117,,20,37,,,5,51,,425,,5,1268,39,,188,20,8,7,,56,2709,,176,23,14,1175,,,1164,17,232,,26,1,20,219,250,4045,330,,33,1220,220,,214976,4513,18,,5,,,5,,,,325,24,24763,,30,83,,22187,414,,400,338,,1205,52,105,173,,,1534,2224,1244,18,717,144,,8,,,14,189,2134,,,,32,29212,181,5383,57,7317,,68,117,,193,3450,,,274,18,39
Iceland,6,40,24,,0,40,,,27,5,1,88,146,7,4,1,0,2,41,106,2,0,1,,12,,147,,106,,0,138,1,,42,4,4,236,,,,,83,493,,,157,,,,5,3,151,36,,5,159,,2,2972,1,2,21,26,28,11,3,3,140,63,331,,2,186,453,,,,7,20,1734,45,,26,65,,,,33,14,,20,7,,33,157,,278,110,36,49,82,,32,222,17,88,12,15,53,,2,1,,658,31,,0,2,,1474,112,2,3,29,,1,4,,,,7,,69,,1,26,,,155,14,0,37,0,96,303,,49,5,0,59,,,1005,,27,,6,0,3,73,1436,10299,619,0,2,0,13,,207,304,1,,,,,,,,,3,14,318,,13,14,,236,30,1,1,67,,294,165,,,0,,1885,148,19,4,1084,32,,2,,1,3,16,62,1,,,22,214,2,1115,21,1889,,8,5,,37,490,,,1,7,10
India,8387,,,,,,,,,,,688,,,,,3289037,,,,,,,6894,,,,,,,26333,,,,,,,1703,,,,,,7372,,,,,,,,,,,,,,,,,,,,,,,,,,,,,178,,1184,,,,,,2227,,,,,,,,,,,,,,,,,,850,1769,517,,,,,,743,,2286,2469,,6306,,,,,,,,,,,,,12905,206,,,,,,307,,,,,,,,,,52470,,,563154,,,,,,670,,,,,1147382,,,,,,,,162,,,,,,,1398,,,,,,,,,,4643,,,,,4386,,,,,,,,,160971,,,,,,,,,,,,,,,,,109,,,,739,,12432,5047,,2823,,,,,,587,,,,705,
Indonesia,,,,,,,,,,,,9796,,,,,,,,,,,,,,,,,,,,,,,,,,1938,,,,,,65307,,,,,,,,,,,,,,,,,,,,,,,,,,,,,,,,,,,,,,,,,,,,,,,,,,,,,,10818,,,,,,,,,17080,10818,,,,,,,,,,,2045,,,,,,2045,,,,,,,,,,,,,,,,,,,,,6279,,,,,,,,,,7428,,,,,,3636,,,,,28850,,,,,,,,,,,,,,2045,,,,,20346,,,,,,,,,,,,,,,,2045,,20346,,20346,,,,,,,,,,,,,28276,,10909,,,,,,,,,,,
Iran_(Islamic_Republic_of),2372090,,,,,,,,,2504,,,,12128,,,,,,,,,,,,,,,,,,,,,,,,,,,,,,,,,,,,,,,,,,,,,,,,,,,,,,,,,,,,,,,,,,,,,,,,,,,,,,,,,,,,,,,86387,,,,,,,,,,,,,,,,,,,,,,,,,,,,,,,,,,,,,,,,,,,,,,,,,,,,,,,28689,,,,,,,,,,,,,,,,,,,,,,,,,,,,,,,,,,,,,,,,,,,,,,,,,,,,,,,,2472,4950,,,,,,,,,,,,,,,,,,,
Iraq,311,,,,,,,,,,,,,,,,,,,,,,,,,,,,,,,,,,,,,,,,,,,,,,,,,,,,,,,,,,,,,,,,14326,,,804,,,,,,,,,,,,,,,,,,,,,,,,,,,,,,231,,17568,,,,,,,,10309,,,,399,,,,1518,,,,,,,,,,,,,,,199,,,,,,,,,584,,,,,,,,,,,,,,,,680,,,,,,,,,,,,,,,272,,,,,,,,,,672,,,,,,,,,,413,,294,,,12956,3782,,,,,6180,,,,,,,,,311,17502,,,,,,287,,,,,,,,,,,,1996,,
Ireland,145,291,576,,2,470,1,2,320,52,7,6462,767,49,26,80,3164,18,598,1603,2,33,56,7,17,,627,78,10075,1,16,1932,9,47,4,11,339,5211,24,8,10,,139,12416,1847,,,0,2466,,11,130,495,81,,282,5953,128,51,959,1,1,10,38,521,26,0,37,2686,151,3,4,14,946,10912,,1,4,56,250,14065,493,38,623,1,14,,,122,49,1,28,4,,12,8033,37,19348,125,436,443,,,215,7743,117,518,109,254,472,0,197,31,33,21660,130,38,105,430,2,37759,153,12,74,4098,2,28,364,0,,8,3163,,299,0,7,311,0,1,268,38,63,37,,133,4875,7,2223,16,126,21433,,,299,48,9025,,16,13,26,124,14989,124820,2434,,34,189,3707,,19499,6432,78,7,2,7,0,2,13,0,,420,22,0,11,192,211,,11589,206,2,520,8794,,7588,233,66,576,12,21,1829,541,112,21,524,641,3,112,,1,109,98,479,4,1,,146,4468,197,249392,122,30043,,54,90,1,125,622,,1,30,333,3033
Isle_of_Man,,,,,,,,,,,,356,,,,,,,,,,,,,,,,,,,,,,,,,,198,,,,253,,,,,,,,,,,,,,,,,,,,,,,,,,,,,,,,,,,,,,,,,,,,,,,,,,,,,,,,,,,,2116,,,,,,,,,,,,,,,,,,,,,,,,,,,,,,,,,,,,,,,,,,,,,,91,,,,,,,,,,,,,,,,,,,,,,,,,,,,,,,,,,,,,,,,,,,,577,,,,,,,,,,,,,,,,,,,,,,,,,,,37521,,265,,,,,,,,,,,
Israel,2462,,44292,,,,,,38148,,,3167,4910,13118,,,,,22417,5811,,,,,,,,,8661,,,16128,,,,,,7885,,,,,3283,582,,,2678,,,,,,,,,,,,,1858,,,,,20459,,,,,78029,,,,299,40576,,,,,9034,22937,,,2991,,,,,,,,,,,,12115,,18389,,50732,65732,,,,5066,,,,13218,,,,2442,,3812,6043,,,16748,,3751,,,,,,,,,,,,,2522,,,,,,158158,,,,,,4955,,,,,,,,,,,,,,,2366,,57485,,,,,10580,,100528,111148,,,,,,,,,,,,,,,,,,,,,11365,,1833,,,,,,667,3736,9195,1828,,,,,,,,22828,27111,2231,,,,131007,,21205,,76680,,6184,21638,,362,,,,29931,,
Italy,6567,447510,22467,,130,1869,,23,73170,1256,,19847,16328,709,93,50,97019,50,32377,46385,24,2566,,35,15695,,11104,44,104189,,32,57681,11655,1007,6159,1322,11455,25536,,238,563,,12425,200400,,,39525,37,3384,,1508,25551,24705,33463,,650,10401,125,6086,3237,89,337,42262,88314,108471,12462,121,13591,1382,30396,,,44,2827,134380,,,384,1515,12224,219975,46540,,17402,,16,,,2135,3898,782,74,703,178,2323,12887,207,136380,3158,14431,3888,3628,,3882,,346,8284,2990,3850,3640,5,543,1326,260,3199,7085,31,2006,36216,132,5645,4798,2382,171,613,34,4176,1928,5,,677,9497,,8825,13,1617,275,2285,,425165,857,441,93,2,1775,13032,,901,1175,1060,56249,,,1981,52,84778,7,1021,32,2636,116018,143432,118621,6414,,80,3930,166791,,1021438,80736,778,,4,22,,20,68,1913,74,962,84801,45573,978,1377,567,,10994,4698,4,11554,5656,,31824,85078,391,2914,50,36,6410,198136,6057,186,9864,73021,79,5151,,21,167,107653,20487,206,,6,967,222203,370,64975,1604,54217,,7499,2509,23,48962,5257,,,263,874,881
Jamaica,,,,,,,,156,,,,,,,677,,,545,,,7,,,,,,,,,,,,,,,,,1342,,,,,,,,,,,,,101,,,1830,,,,,,,,140,,,,135,,,,,,,,,,,,,,,,,,,,210,,,309,,,,,,164,,,1152,,,,,,,,,,,,,,,,,,,,,,,,,,,,,,,,,,,,,,,,,,,,,,,,,,,126,,,,,,,,,76,,,,,,,,,,,,,,,,98,335,,229,,,,,,,,,,,,,,,,,,,,,,,,,,,,,,,,,2349,,,,,,,,,4843,,6329,,,,,,,,,,,
Japan,,,,,,,,,3181,,,9756,569,,,,10175,,,697,,,,,,,,,230552,,,,,,,2683,,9995,,,,,,687156,,,,,,,,,,,,,,,,499,,,,,1593,,,,,,,,,599,9060,,,,,,5971,1883,,,,,,,,,,,,,,,,22497,24895,4841,,1061,,,2731,,,,,,,,,,,,,,,,,,,,8364,,,,,,,,,1956,,,,,,,,,,,,1099,,3250,,,2729,,,416,,10299,,,,,54636,210181,978,465,,,565989,,,,7814,,,,,,,,,,,,,,,2512,,,,,,,,1907,9097,,,,,1553,1089,,,41279,,,,,,,,,,,,,,,16044,,50667,,,,,,41781,,,,,
Jordan,142,,774,,,,,,,59,,563,262,,,958,26192,,,164,,,,,,,137,,238,,57,113,,,,,,735,,,59,,,20878,87,,57,,,,,,59,,,297,55,190,,113,,,,,135994,,,168,,172,,,,,890,,,,,,1614,61,,140,,,,,,,,,,,,1322,,13319,23478,214,475782,118,,3539,696,,233,,46,,,1695,,,,4143,,,2195,,,,,,639,,,,,,155,,,,,,,,,1348,,55,,,410,449,,144,,,59,,,98,1435,7335,,,,,,8661,183,,,504,214,83,,611,1344,,,,,,,,,,11346,,131,,,,,52,,,170,131,624,687,28134,1760396,5066,,,203,449,149685,,233,199,,,,,,585,2312,,,,,892,471,1822,,5899,,,,,70,,,,5367,,
Kazakhstan,,,,,,,,,,8597,,,,45483,,,,,65001,,,,,,,,,,,,,4008,,,,,,,,,,,,2033,,,,,,,,,,,,,,57915,,,,,,,,,,,1046,,,,,,,,,,,3079,205287,,,7377,,,,,,,,,,,,,,,,,,,,,,,,,,,,,6331,,1046,,,,,,4124,,,,,,,,,,,,,,,,,,,,,,,,,,,,,,,,,,,,,,,,,,27476,,,,30007,11327,,,2211875,,,,,,,,,,,,,,,,,,,,,,,,,,,,,,,,14870,,,,,,,,,44089,987,,,,317803,,,,,,,264862,,,,,,,,
Kenya,,,,,,,,,,,,,,,,,,,,,,,,,,,,,,,,,,4256,,,,,,,,,,,,,,,,,,,,,,,,,5531,,,,,,,,,1389,,24091,,,,,,,,,,,,,,,,,,,,,,,,,,,,,,,,,,,,,,,,,,,,,,,,,,,,,,,,,,,,,,,,,,,,,,,589,,67,,,,,,,,,,,,,,,,,,,,,,,,,,,,,6201,,,,,,,,,,,,,,,,,,,398753,110,53218,,,,7459,,,,,,,,,,,,,,,,,,,326978,,,,39120,,,,,,,,,,,,
Kiribati,,,,,,,,,,,,81,,,,,,,,,,,,,,,,,,,,,,,,,,,,,,,,,,,,,,,,,,,,,,,,,,,,,,,,,,,,,489,,,,,,,,,,,,,,,,,,,,,,,,,,,,,,,,,,,,,,,,,,,,,,,,,,,,,,,,,,,,,,,,,,,,,,,1446,,,,54,,,,,,,,,,,,,,,,,,,,,,,,,,,,,,,,,,,,,,,,,,,,,,,,,,,,,,,,,,,,,,,,,,,288,,,,9,,40,,,,,,,,,,,
Kuwait,1743,,,,,,,,,,,,,,,847,257626,,,,,,,,,,,,,,,,,,,,,,,,1136,,,,,,,,,,,,,,,,,,,,,,,,168272,,,4114,,2897,,,,,2353,,,,,,,,,,,,,,,,,,,,,,,674184,75801,,,,,,,,,33444,,,,,,,,5897,,,,,,,,,,,,,,,,,,,,,,,,2083,,,,,1850,778,,,,,1515,,,,,225431,,,,,,112782,,,,223,,,,,,,,,,,,,,,1713,,,,,,,,,,2758,,0,,25148,12410,41140,,,,,14401,,2383,,,,,,,1256,10463,,,,,,21472,8002,,3669,,,,,,,,,47616,,
Kyrgyzstan,,,,,,,,,,2696,,,,5299,,,,,11267,,,,,,,,,,,,,,,,,,,,,,,,,308,,,,,,,,,,,,,,2013,,,,,,,,,,,650,,,,,132,,,,,,3704,2062,,,,,,,,,,,,,,,,,,,,,,,,,,,,14657,,,,,,1022,,,,,,3001,,,,,,,,,,,,,,,,,,,,,,,,,,,,,,,,,,,,,,,,,,3639,,,,265,3013,,546,126580,,,,,,,,,,,,,,,,,,,,,,,,,,,,,,,,2498,,,,,,,,,1191,1134,,,,30323,,,,,,,10402,,,122,,,,,
Lao_People's_Democratic_Republic,,,,,,,,,,,,17,,,,,,,,,,,,,,,,,,,,,,,,1173,,,,,,,,2965,,,,,,,,,,,,,,,,,,,,,,,,,,,,,,,,,,,,,,,,,,,,,,,,,,,,,,,,,,,,,,,,,,,,,,,,,,,,,,,,,,,,,,,,,,,,,,,,,,238,,,,,,,,,,,,,,,,,,,,,,,,,,,,,,,,,,,,,,,,,,,,,,,,,,,,,,,,,,,,,,1608,,,,,,,,,,,,,,,,,,,,,,,11078,,,,,
Latvia,25,7,17,,1,2,0,0,22,922,0,166,142,2433,,0,8,0,54799,116,,0,,,,,6,,37,,,538,,0,1,0,2,148,,1,,,5,230,,,10,,1,,1,2,6,57,,22,249,14,,288,,,1,0,42,,,0,3442,,,,,277,331,,,,0,1614,3097,,,34,1,,,,0,,,,,,,244,40,102,3,38,11,761,,117,317,1,15,7,7058,3,,3,987,,,48,,,6,0,20226,13,0,0,4,,1,10,,,,0,,45,,,128,,,11,0,,,,14,134,,14,0,,12,,,192,,35,0,0,,1,8,5,1233,52,,0,37,2039,,310,163606,0,,,,,,,,,2,,6,,1,5,,56,11,,5,13,2,196,40,1,1,,,449,91,20,669,13,,,0,,,2,2,106,714,,,2,39933,9,1369,1,712,,2,2296,,35,10,,,0,,4
Lebanon,,,,,,,,,,,,,,,,132,3619,,,,,,,,,,,,,,,,,,,,,,,,,,,2885,,,,,,,,,,,,,,,,,,,,,99001,,,,,,,,,,123,,,,,,223,,,,,,,,,,,,,,,183,,1840,3243,,143391,,,489,,,,573,,,,234,,,,,,,303,,,,,,,,,,,,,,,,,,,,,186,,,,,,,,,,,,,,,198,1013,,,,,,1197,,,,,,,,,186,,,,,,,,,,1567,,,,,,,,,,,,86,,3887,530550,700,,,,,20679,,,,,,,,,,319,,,,,123,,252,,815,,,,,,,,,741,,
Lesotho,,,,,,,,,,,,,,,,,,,,,,,,,,,,106,,,,,,,,,,,,,,,,118,,,,,,,,,,,,,,,,,,,,,,,,,,,,,,,,,,,,,,87,,,,,,,,,,,,,,,,223,,,,,,,,,,,,,,,,,,,,,,,,,,36,,,,,,,,,,,,,,,,,23,,4,,,,,,,,,,,,,223,,,,,,,,,,,,,,,,,,,,,,,,,,,,,,,,,,,,2544,,,,,,,36,,,,,,,,,,,,,,,,,134,,,,83,87,,,,,,,,,,68,68
Liberia,,,,,,,,,,,,,,,,,,,,,,25,,,,,,,,,,,221,,,,,49,,,,,,,,,,,,,,26335,,,,,,,,,,,,,,,,,,,,,,,59,,,,711,,186,7069,,,,,,,,35375,454,,,,,,,712,,,,,,,50,,,,,,,,,,,871,,,,,,,,,,,1267,,,,,,,,,,,,,,,,,,,60,,,,226,4922,,,,,,,,,,,,,,,,,,,,,,,,,,,,,,,342,,,12578,,,,,,,,,57,,,,,,225,30,,,,,,365,,,,,,,,,,,,230,,451,,,,,,,,,,,
Libya,284,267,3184,,,,,,,227,,664,667,,,859,1109,,675,599,,,,,,,292,,227,,,,,,,,,2528,,,763,,,2727,,,,3810,357,,,529,,,,,,,385,683,1264,,,,18630,628,,1759,,1624,,,,737,4459,,,,,,6235,545,,2322,,,,,,,275,,,,,300,,4295,11587,365,60735,,,,5934,,892,18101,712,298,,9579,,,,9816,,,,,,,,,7026,,300,,,,317,,,,,245,,,,4346,,,,,,1570,,,,317,2528,,,298,1502,2181,,,,,,3912,602,,,1255,635,,,529,6427,,,,,,,,,,31464,994,,,211,594,,,,,92720,574,1576,644,326,253786,12797,,,664,827,24624,602,2528,,,,,,,2736,2249,211,,,,776,2462,6415,235,8768,,,334,,,,,,18963,,
Liechtenstein,,,,,,,,,19,,,,3615,,,,,,,41,,,,,,,297,,143,,,10,,,,,,,,,,,,66,,,30,,,,,,130,,,,54,,,15,,,64,,,,,,2,,,,,9,115,,,,,,1635,,,49,,,,,,,,,,,,49,2,23,,,,9,,,878,,,,,,,,,35,,,,,,,,5,,,,,,,,,,,,21,,,,1,,,,,,,,68,,,,,,,,6,,,,,,,,37,47,387,,,,,,19,44,,,,,,,,,,,,135,,,,,30,113,,,30,,274,,,,,,24,12215,,,79,75,,,,,,18,585,,,,,20,,57,,124,,,,,,,,,,,
Lithuania,24,,,,,,,,67,678,,44,60,1031,,,,,41370,205,,,,,,,,,70,,,83,,,,,,36,,,,,,60,,,,,,,,,,,,33,94,,,354,,,,,56,,,,958,,,,,101,335,,,,,723,1786,,,57,,,,,,,,,,,,115,54,,,82,,1465,,39,338,,28,,5366,,,,455,,6670,52,,,,,,,,,,,,,,,,,,,,,75,,,,,,,,,131,,,,,28,,,1142,,63,,,,,,,2633,59,,,,710,,213,70305,,,,,,,,,,,,,,,,,34,,,,,,658,,,,,,307,50,,392,,,,,,,,,75,289,,,,14475,27,3901,,719,,26,1133,,,40,,,,,
Luxembourg,,197,66,,,,,,26,,,50,634,,,,20,,28,12979,,,,,,,1587,,195,,,576,,,1060,,39,155,,,,,38,691,,,17,,,,,,271,15,,41,594,,64,1662,,76,23,,17,,,,345,,,,,854,23716,,,,,,9259,,,1195,,,,,,,,,,,,711,215,127,,152,,1067,,27,13517,,185,,,,,,,,320,23,,,,,393,,,,17,,,177,,,,34,,18,,,,5600,,160,,,,,20,2926,,15,,,,,,115,,,,,,,65,124,2065,62068,,,32,,,1140,256,17,,,,,,,,,,20,3881,,,,,464,317,,,30,,2621,,,,,,1350,349,,,114,227,,,,,,88,132,,,,,115,,4329,,718,,,,,17,47,,,,,
Madagascar,,,,,,,,,,,,,,,,,,,,,,,,,,,,,,,,,,,,,,,,,,,,1784,,,,9876,,,,,,,,,,,,,,,,,,,,,,,,,,,8066,,,,,,,,,,,,,,,,,,,,,,,1425,,,,,,,,,,,,,,,,,,,,,,,,,,,,,,,,,,,,,,,,,,,,,,,,,,,,,,,,,,,,,,,,,,,,,,,,,,,,,,,,,,,,,,,,,,,,,,,,,,,,,,,,,,,,,,,,,,,,,,,,,,,,,,,,,,,,,,
Malawi,,,,,,,,,,,,,,,,,,,,,,,,,,,,,,,,,,5314,,,,,,,,,,,,,,,1413,,,,,,,,,,2237,,,,,,,,,,,,,,,,,,,,,,,,,,,,,,,,,,,,,,,2419,,,,,,,,,,,,,,,,,,,,,,,,,,,,,,,,,,,,,,,,,,,54826,,,,,,,,,,,,,,,,,,,,,,,,,,,,,,,4631,,,,,,,,,,,,,,,,,,,56,8272,,,,,,,,,,,,,,,,,,,,,,,,,,,1478,9620,,,,,,,,,,,42865,37189
Malaysia,478,,,,,,,,,,,5082,,,,,343000,,,,,,,,,,,,,,5822,,,,,13519,,,,,,,,9923,,,,,,,,,,,,,,,,,,,,,,,,,,,,,,,,,,,,,,,,,,,,,,,,,,,,,,126986,1024344,,555,,,,,,15742,,,,,,,,,,,,,,,,,,,,,,,,,,,,,,,,,,,241430,,,196194,,,2049,,,,,,,,25702,,,,,,20798,,,,,3277,,,,,,,,,,,,,,,,,,,76095,,,,,926,,,,6355,,,,,,,,,7928,,,,,,,,,,,,,,,9428,,,,,,,,83515,,,,,
Maldives,,,,,,,,,,,,78,19,,,,39774,,,,,,,,,,,,,,,,,,,,,70,,,,,,,,,,,,,,,,,,,,,,,,,,,29,,,,,,,,,,97,,,,,,233,,,,,,,,,,,,,,,,,19348,,,,,,,285,,111,,,,,,,,,10,,,,,,,,,78,,,,,,,,,,,,,,,,,,,,,,,21,,,,,,,,133,,,,,,1018,,,,,,,,,,,,,,,,,,,,,,,,70,,,,,,,,,7770,,,,,24,97,,,111,,,,,,,,,,,,,,,138,,57,,,,,,,,,,,
Mali,,,3991,,,480,,,,,,,,,,,,,,,,3741,,,,,,,,,,,22174,,,,4084,,,1951,,,,542,,,,,27782,,,18672,,,,,,,,,,,,,,,,,,,,,,,16906,,,30825,4103,,,17205,,,,,,,,16464,,,,,,,,,,,,,,,,,,,,,,,,,,,,4047,,,,,,,,,,,,,14446,,,,,,,,,,,,,,,,,,,3540,10975,,,,,,,,,,,,,,,,,,,,661,,,,,,,,,,,5099,,,8475,,,,,,,,,,,,,,,,,,,,,,6167,,,,,,,,,,,,,,1602,,,,,,,,,,,
Malta,,72,49,,,,,,10,26,,3939,103,,,,14,,27,155,,,,,,,153,,90,,,842,,,,,,1699,,,,,,333,,,,,,,,,68,,,42,76,,,122,,,,,436,,,487,,319,,,,74,401,,,,,38,915,63,,72,,,,,,,,,,,,134,,245,21,28,77,254,,11,1364,,43,37,,31,,54,,,72,60,,,746,,42,,,,37,,,,,,,,,,,,,,,208,,,,,,396,,40,,35,317,,,62,,170,,,,,26,446,232,54,,,,32,,631,883,,,,,,,,,,25,,513,,,29,,95,20,,965,162,,141,16,50,218,,,433,97,245,,100,28,,,,,12,300,214,,,,,268,24,9684,,1199,,,19,,,,,,,,34
Marshall_Islands,,,,,,,,,,,,,,,,,,,,,,,,,,,,,,,,,,,,,,,,,,,,296,,,,,,,,,,,,,,,,,,,,,,,,,,,,,111,,,,,,,,,,,,,,,,,,,,,,,,,,,,,,,,,,,,,,259,,,,,,,,,,,,,,,,,,,,,,,,228,,,,,,,,,,,,,,,,,,,,,,,,,,,509,,,,,,,,,,,,,,,,,,,,,,,,,,,,,,,,,,,,,,,,,,,,,,,,,,,,,,,,,,,1346,,,,,,,,,,,
Martinique,,,99,,,,,,,,,,,,,,,,,127,,,,,,,,,74,,,,,,,,,,,,,,,151,,,,,,,,,,,,,,,,,,408,134,,,,,,,,,,,,45448,1744,,,,,,,,,,,5270,,,,,,1707,,,,,,,,,,,,81,,,,,,,,,,,,,,,,,,,,,,,,,,,,,,,,,,,,,,,,,,,,,,,,,,,,,,,,,,,,,,,,400,,,,,,1960,,,,,,,,,,,,,,,,,,,,,,,,,,,150,,,,,,,,,,,,,,,,,148,,,,,,,,,,,,,
Mauritania,,,1627,,,,,,66,,,,,,,,,,,60,,549,,,,,,,159,,,,,,,,391,50,,,51,,,158,,,,,,,,533,,,,,,,137,,,,,,224,,,,,,,,,,,,,84,,,,206,,,,,,,,3100,1198,,,,,,,,,,135,,,,54,,,,,,,31,,,,118,,,138,,,,,,,,7612,,,,,,,,,,,,,341,,,,,,,,,,150,,,,,,,,,,,,,,,,,69,,,,60,,,,,,,,,,304,38381,,,,,,,,,,,,84,,160,,,,,,139,,,,,162,,,,247,,,,,,,68,,,108,,,,,,,,,,,
Mauritius,,,,,,,,,,,,,,,,,7235,,,103,,,,,,,,,,,,,,,,,,32,,,,,,2564,20,,,,,,,,,,,,,,,,,,,,,,,,,,,,,,1308,,,,,,119,,,,,,,,,,,,,,,,,7517,,,,44,,,127,,8,,,,,,,,,,,,,,,,1979,,53,,,,,,,,,,,,,,,,,,,,,,,,,,,,,,,163,,,,,,,,,,,,,,,43,,,,,,,,,,,,,108,,,,,,,,541,,24,979,,,,,,92,,,,,,,,,,,,,,,,,,395,,43,,,,,,,,,,,
Mayotte,,,,,,,,,,,,,,,,,,,,,,,,,,,,,,,,,,,,,,,,,,,,,,,,56520,,,,,,,,,,,,,,,,,,,,,,,,,,,9498,,,,,,,,,,,,,,,,,,,,,,,,,,,,,,,,,,,,,,,,,,,,,,,,5230,,,,,,,,,,,,,,,,,,,,,,,,,,,,,,,,,,,,,,,,,,,,,,,,,,,,,,,,,,,,,,,,,,,,,,,,,,,,,,,,,,,,,,,,,,,,,,,,,,,,,,,,,,,,,
Mexico,,,98,,,51,,,14171,96,,434,501,,,,49,,,847,2312,,,,1988,,,,4532,,,246,,,,,39,10208,,,,,5267,7272,,,13259,,,,2482,25,52,11822,,,329,29,78,252,,,1603,2201,195,8864,,,,,,,,147,8533,,,,,,7033,,,249,,,,,32888,,,,940,,9980,369,,863,153,273,47,270,,1172,4964,126,3004,41,,65,,,,,33,973,,,,,58,,,,54,,,,,,,,,,,,,,,233,,,,,,1070,,103,3572,,138,,,177,,144,,1766,,506,5886,499,849,440,1335,,3960,,,397,1572,,,,,,,,,,106,32,58,,,47,,103,51,,,193,,20727,,28,,,,415,1460,191,,117,,,,,,27,,270,,,,,329,,3379,,741918,,2371,,,10786,81,,,,,
Micronesia_(Federated_States_of),,,,21,,,,,,,,,,,,,,,,,,,,,,,,,,,,,,,,,,,,,,,,,18,,,,,,,,,,,,,,,,,,,,,,,,,,,,,,,,,,,,,,,,,,,39,,,,,,,,,,,,,,,,,,,49,,,,,,,,,,,,,,,,,,,,,,94,,,,,,,,,,,,,,,,,,,,,,,,77,,,,285,,,,,128,,,,,48,,,,,,,,,,,22,,,,,,,,,,,,,,,,,,,,,,,,,,,,,,,15,,,,,,,,,,,,176,,,,,,,,,,,
Monaco,,,,,,,,,,,,,,,,,,,,,,,,,,,,,,,,,,,,,,,,,,,,,,,,,,,,,,,,,,,,,,,,,,,,,,,,,,,6399,,,,,,,,,,,,,,,,,,,,,,,,,,,,,,4443,,,,,,,,,,,,,,,,,,,,,,,,,,,,,,,,,,,,,,,,,,,,,,,,,,,,,,,,,,,,,,,,,,,,,,,,,,,,,,,,,,,,,,,,,,,,,,,,,,,,,,,,,,,,,,,,,,,,,,,,,,,,,,,
Mongolia,,,,,,,,,,,,189,13,,,,,,,,,,,,,,,,,,,13,,,,,,125,,,,,,8545,,,,,,,,,,,,,15,512,,,,,,,,,,,,,,,,3,66,,,,,,148,,,,,,,,,,,,,,,9,,90,,,,7,,,17,,336,,170,,,,,1,,,,,,,,,,,,,,,,,,,,,,,,,,,,,,,,,,,,,,,,,,17,,,,,,138,11,,,,1497,,,,2433,,,,,,,,,,,,,,,,,3,,,,,,,,,,,,,17,,,,3,,,,,,,180,,,,,,,80,,646,,1,,,,225,,,,,
Montenegro,,2015,,,,,,,,,,122,245,,,,,,,,,,,,,,34300,,,,,70,,,,,,66,,,,,,,,,,,,,,,14529,,,,115,,,93,,,,,,,,,,,,,,,397,,,,,,1785,,,50,,,,,,,,,,,,45,,,,,,,,,186,,,,,,,,,,,,,,,,,96,,,,,,,,,,,,,,,,,,,,,,,,138,,,,,,,,,,,,,,,,,94,,,,,,,101,823,,,,,,,,,,,,17454,,,,,54,1438,,,,,,,,,,,144,202,,,,2949,,,,,,,79,,,,,135,,98,,302,,,,,,,,,,,
Montserrat,,,,,,,,110,,,,,,,,,,,,,,,,,,,,,,,,,,,,,,35,,,,,,,,,,,,,,,,,,,,,,,,265,23,,,,,,,,,,,,,,,,,,,,,,,,,,,,,230,,,,,,,,,,,,,,,,,,,,,,,,,,,,,,,,,,,,,,,,,,,,,,,,,,,,,,,,,,,,,,,,,,,,,,,,,,,,,,,,,,113,,,28,,,,,,,,,,,,,,,,,,,,,,,,,,,,,,,,,42,,,,,,,,,100,,115,,,,,,,,,,,
Morocco,,,10190,,,,,,,,,,,,,,,,,1064,,,,,,,,,,,,,,,,,,,,,,,,,,,,,1427,,,,,,,,,,,,,,,,1410,,,,,,,,,,26733,,,,,,1093,,,,,,,,,747,,,,,,,,,,,1300,,,,1438,,,,,,,,,,,1024,,,892,,,,,,,,,,,,1208,,,,,,,,,,,,,,,,,,,,,,,,,,,,,,,,,,,,,,,,,,,,,,,,,,,1370,,,,,,,,,,,,3108,,,,,,,,1553,,,,,,,,,1956,,,,,,,,920,,1386,,,,,,,,,,,
Mozambique,,,,,,,,,,,,,,,,,,,,,,,,,,,,,,,,,,,6524,,,,,,,,,,,,,,,,,,,,,,,,2250,,,,,,,,,,,,,,,,,,,,,,,,,,,,,,,,,,,,,,,2344,,,,,,,,,,,,,,,,,,,7548,,,,,,,74598,,,,,,,,,,,,,,,,,,,,,,,,,,,,,,,,1235,,,,,,,,4256,,,,,,,,,,,,,,,,,,,,,,,,,,,,8566,,,,,,,,,,,,,,,,,,,,,,,,,,,,7367,,,,,,,,,,,5722,24481
Myanmar,,,,,,,,,,,,,,,,,1065,,,,,,,,,,,,,,,,,,,,,,,,,,,35082,,,,,,,,,,,,,,,,,,,,,,,,,,,,,,,,,,,,,,,,,,,,,,,,,,,,,,27316,,,,,,,,,,,,,,,,,,,,,,,,,,,,,,,,,,,,,,,,,,,,,,,,,,,,,,,,,,3102,,,,,,,,,,,,,,,,,,,,,,,,,,,,,,,,,,,,,,,,,,,,,,,,,,,,,,,,,,,,,,,,,,,,,,,,,,,,
Namibia,43,,484,,,37063,,469,50,63,,536,609,,50,49,32,,,184,,156,,,,,,658,534,,,30,71,389,,,118,188,,,,,32,3106,,,,,1117,,,30,,680,,,76,101,3183,113,,,,,174,,,,,211,,,,79,536,,,,86,,9063,143,,,,,,,,53,,,,,,,,674,90,30,,60,,108,824,,113,,,1110,,,,,,46,126,,35,,,43,,369,,,,,,,,106,,,,,,,,,137,,,,,516,,50,,,982,,,53,,166,,,,,,246,168,433,,,35,,,30,454,358,,,,,,,,,,30,,56,163,,,,,,93,8481,,344,,,199,,196,101,428,,,74,,,,,,,,35,,,,481,257,,1718,1098,1050,,,,,,,,,,3024,14449
Nauru,,,,,,,,,,,,151,,,,,,,,,,,,,,,,,,,,,,,,,,,,,,,,377,,,,,,,,,,,,,,,,,,,,,,,,,,,,,165,,,,,,,,,,,,,,,,,,,,,,,,,,,0,,,,,,,,,,,888,,,,,,,,,,,,,,,,,,,,,,,,,,,,,,,,,,,,,24,,,,,,,,,,,,,,74,,,,,,,,,,,,,,,,,,,,,,,,,,,,29,,,,,0,,,,,,,,,,,,,,,,,,,,236,,,,,,,,,,,,,,,,,
Nepal,,,,,,,,,,,,,,,,,243,,,,,,,73598,,,,,,,,,,,,,,,,,,,,20920,,,,,,,,,,,,,,,,,,,,,,,,,,,,,,,,,,,,,,,,,,,,,,,,,,,,,,459935,,,,,,,,,,,,,,,,,,,,,,,,,,,,,,,,,,,,,,,,,,,,,,,,,,,,,,,,,,1292,,,,,,,,,,,,,,,,,,,,,,,,,,,,,,,,,,,,,,,41,,,,,,,,,,,,,,,,,,,,,,,,,,,,,,,,,,,,,
Netherlands,31153,897,3912,,,7460,23,27,2844,521,2509,10021,6530,594,54,104,1121,67,198,49330,,263,29,194,760,4316,757,214,13429,,561,13412,336,2746,11738,678,1895,9180,,57,100,,3050,52904,,,12975,,1008,,625,1093,200,1179,60419,382,407,30,5018,3242,102,72,7792,1798,11824,347,38,1081,525,8626,,,61,2554,22101,,,87,529,202,120786,13222,31,9137,,45,,,632,2464,230,2342,1245,,393,8441,428,17366,141028,25486,41043,4543,,5276,20152,823,5869,891,126,2531,,1112,42,162,1195,3387,104,2070,697,,2042,1000,162,281,3480,,156,298,,,335,348,,2882,,61,450,,,167858,634,698,236,,1346,,,3633,402,303,6310,,,2500,427,11251,,262,134,177,3453,10636,58215,14679,,56,6426,61,,11094,35615,1145,,73,53,,58,19,,143,1433,919,51863,85,4539,3138,21578,219,73,,19863,12910,,19544,9987,,4448,187312,76,4088,6373,6964,27,12062,82,,1183,,,524,4332,197219,,,,1175,681,520,47297,1545,24368,,619,1283,,3333,12185,,,377,950,1392
New_Caledonia,,,763,,,,,,,,,337,,,,,,,,,,,,,,,,,,,,,,,,718,,,,,,,,114,,,,,,,,,,,,,,,,,,,,,,,,,,,,,,,36117,,355,,,,,,,,,,,,,,,,,,,,,,1221,,,,,,344,,,,,,,,,768,,,,,,,,,,,,,,,,,,,,,,,,,,714,,,,,,,,146,,,,,,,,,,,,,,,,,,,,,,,,,,,,,,,,,,,,,,,,,,,,,,140,,,,,,,,,,,,,,,,,814,,,,,,,,,,,,,,4698,,753,7413,,,,
New_Zealand,2314,,,,,,,,1330,,,63086,1320,,,,1463,,,,,,,,,,,,2728,,,,,,,6263,,9350,,,,,1924,84329,7401,,790,,,13868,,,1902,,,,1104,,,1456,,,,,1313,,,,,1046,,,45823,,3159,,,,,,11964,,,,,,,,,,,,,,,1320,,56073,4796,2959,5775,8057,,,1771,,9992,,,1591,1168,,,,,,,,,,,,,,15575,,,,,,,,,,,,,,,,,1515,,,1017,21032,,,,,,4537,,,,2558,,,1309,,,26902,1983,,,,27818,,,2267,5070,,,,,,,50946,,,1285,,555,,,5152,,,,,1472,48514,,,8516,,,,,1273,3057,,,7012,,,,1465,21630,,,,,,1334,,1263,,250997,,19794,,,,,,5572,,,,1374,8170
Nicaragua,57,,105,,,,,111,251,,,,36,,78,,,,,41,23,,,,60,,,,114,,,57,,,,,,234,,,,,117,129,,,415,,,,9989,,,873,,,,,44,49,,,64,103,,2267,,,,76,,,,,138,,,,,,279,,,,,,,,1634,,,,22,,11534,,,23,,,,23,,,177,19,38,25,,,,,,,,,,,,,,,,,,,,,,,,,,785,,,,,,,,,,,,248,,,,,23,,,,,,,376,,,212,,,,54,,57,,,,180,,,,,,,,,,,175,,,,,,,,,36,,,427,,,,,,31,78,,,,,,,,,,,,,,,,73,,66,,3298,,36,,,148,,,,28,,
Niger,,,454,,,,,,,,,,,,,,,,,,,17669,,,,,,,,,,,19065,,,,411,,,,745,,,,,,,,,,,1186,,,,,,,,,,,,,,,,,,,,,,,,,,,,,,1658,,,,,,,,,,,,,,,,,,,,,,,,,,,,,,,,,,,,,155,,,,,,,,44537,,,,,,,,,,,,,,,,,,,,,,,,19177,,,,,,,,,,,,,,,,,,,,,,,,,,,,,,,1134,,,,,,,,,,,,,,,522,,,,,,,,,,9572,,,,,,,,,,,,,,,,,,,,,,,,,
Nigeria,,,,,,,,,,,,,,,,,,,,,,270089,,,,,,,,,,,,,,,20636,,,,22387,,,,,,,,,,,,,,,,,,,,,,,,,,,,,,,,,,,,,,,,,170637,,,,,,,,,,,,,,,,,,,,,,,,,,,,,,,,,,,,15762,,,,,,,,,123515,,,,,,,,,,,,,,,,,,,,,,,86504,,,,,,,,,,,,,,,,,,,,,,,,,,,,,,,,,,,3126,,,,,,,,,,,,,,,,,,,,,,113334,,,,,,,,,,,,,,,,,,,,,,,,,
Niue,,,,,,,,,,,,21,,,,,,,,,,,,,,,,,,,,,,,,,,,,,,,,,,,,,,,,,,,,,,,,,,,,,,,,,,,,,45,,,,,,,,,,,,,,,,,,,,,,,,,,,,,,,,,,,,,,,,,,,,,,,,,,,,,,,,,,,,,,,,,,,,,,,,,,,167,,,,,,,,,,,,,,,,,,,,,,,,,,,,,,20,,,,,,,,,,,,,,,,,,,,,,,,,,,,,,,116,,,,,,76,,,,,,20,,,,,,,,,,,
Northern_Mariana_Islands,,,,,,,,,,,,,,,,,413,,,,,,,,,,,,,,,,,,,,,,,,,,,2894,,,,,,,,,,,,,,,,,,,,,,,,,,,,,,,,,,,,,,,,,,,,810,,,,,,,,,,,,,,,,,,,599,,,,,,,,,,,,,,,,,,,,,,52,,,,,,1245,,,,,,,,,,140,,,,,,,,,,,,630,,,,,12330,,,1018,,1604,,,,,,,,,,,,,,,,,,,,,,,,,,,,,,,,,,,,,,,,,,,,,,,,,,,,,,1395,,,,,,,,,,,
Norway,8864,438,1117,,,379,,,811,196,,1794,1307,368,14,25,718,20,683,1306,,18,,233,424,,12989,112,3605,,29,2055,23,897,383,328,549,2800,,,23,,6336,8852,988,87,4823,,1694,,247,285,2742,720,,121,1354,42,147,22651,34,,563,585,728,156,,4839,1999,5170,813,,40,6611,4635,,,,1015,208,24853,1539,,855,256,,,,390,164,22,86,30,,95,2153,4862,8243,1256,13086,20604,706,,713,2279,145,1203,301,649,1504,,317,141,85,2748,1680,,897,287,26,9869,123,444,97,595,,39,62,,,19,173,,843,,,96,304,,4881,139,2433,81,,724,7271,,527,156,35,1012,,,,35,17220,,52,,137,1170,13458,49518,1107,23,32,7082,303,,4390,13813,533,,,,,,,,,371,177,2295,,468,595,,2048,188,,18002,1169,0,2684,8751,2668,1069,39,,41781,1879,1428,92,13089,2137,,95,,,335,859,10475,57,,,839,2463,244,16868,844,16046,,188,303,,631,12958,,11,170,468,228
Oman,,,,,,,,,,,,,,,,393,108861,,,,,,,,,,,,,,,,,,,,,,,,,,,,,,,,,,,,,,,,,,,,,,,,30361,,,,,,,,,,1162,,,,,,,,,,,,,,,,,,,,,,,473206,25710,,4226,,,,,,,7523,,,,294,,,,,,,,,,,,,,,,,,,,,,,,,,,,,,,,,,556,,,,,,,,,,86029,,,,,,15904,,,,170,,,,,,,,,,,,,,,736,,,,,,,,,,,,,,10342,,6978,,,,,,,,,,,,,,,,,,,,,6529,4120,,,,,,,,,,,,,
Pakistan,1908909,,,,,,,,,,,,,,,,,,,,,,,,,,,,,,,,,,,,,,,,,,,338,,,,,,,,,,,,,,,,,,,,,,,,,,,,,,,,,,,,,,,,,,,,,,,,,,,,,,2023077,413,2345,287,,,,,,,,,,,,,,,,,,,,,,,,,,,,,,,,,,,,,,,,,2479,,,,,,,,,,,,,,,,,,,,,,,,,,,,,,,,,,,,,,,,,,,,,,,,,,,,,663,,,,,,,,,,,,,,,,,,,,,,,,,,,,,,,,,,,,,
Palau,,,,,,,,,,,,,,,,,,,,,,,,,,,,,,,,,,,,,,,,,,,,526,,,,,,,,,,,,,,,,,,,,,,,,,,,,,,,,,,,,,,,,,,,,262,,,,,,,,,,,,,,,,,,,156,,,,,,,,,,,,,,,,,,,,,,,,,,,,445,,,,,,,,,,,,,,,,,,268,,,,,,,,,3047,,,,,76,,,,,,,,,,,,,,,,,,,,,,,,,,,,,,,,,,,,,,,,,,,,,,,,,,,,,,361,,,,,,,,,,,
Panama,,,,,,,,,2172,,,237,92,,,,35,28,,231,73,,,,386,,,,1704,,,62,,,,,,1540,,,,,1544,15893,239,,47046,,,,6608,,86,2405,26,,33,,,126,,49,6893,2275,62,2747,,,,,,,,39,825,,,,,49,906,,,277,,22,,,1367,,,41,461,,1280,50,,3816,115,73,,79,,948,1121,593,316,101,,,,,,,,448,,,33,,39,,,,24,,,,,,,,,4114,,,,,,67,,84,,,,411,,43,10998,,32,,,65,,71,,,,103,3654,1363,167,216,614,,343,,,154,848,,,,,39,,,,,43,,22,,,39,,30,,,,39,,3152,,143,,,,181,313,226,,122,,,,,,101,,96,,,,,428,,1717,,11956,,648,,,8415,50,,,,,
Papua_New_Guinea,,,,,,,,,,,,9056,,,,,,,,,,,,,,,,,,,,,,,,,,232,,,,,,87,,,,,,,,,,,,,,,,,,,,,,,,,,,,,83,,,,,,,,,,,,,,,,,,,,,,,,,154,8218,,,42,,,,,255,,,,,,,,,,,,,,,,,,78,,,,,,,,,,,,,,,,,,,,,,,1754,,,,,,,,,,,,,,1439,,,,,64,,,,26,,,,,,,,,,,,,,,51,,,,218,,,,,78,,,,,,,,,,,,,,27,,,,,,,,,,1594,28,721,,,,98,,,,,,,
Paraguay,,,,,,,,,58456,,,,,,,,,,,,,,,,1034,,,,75523,,,,,,,,,2337,,,,,2161,800,,,,,,,,,,,,,,,,,,,,,,,,,,,,,,,630,,,,,,1700,,,,,,,,,,,,,,,,,,,,,,,,898,,2032,,,,,,,,,,,,,,,,,,,,,,,,,,,1645,,,,,,,,,,,,,,,,,,,,,,,,,,,,,894,,,,2610,,,,,,,,,,,,,,,,,,,,,,,,,,,905,,,,,,,,,,,,,,,,,,,,,,,,,179,,1615,,2997,,,,,,,,,
Peru,,,18,,,14,,,10503,,,546,183,,,,,,,569,,,,,5293,,,,4495,,,63,,,,,,1132,,,,,6644,3780,,,5492,,,,312,,85,838,,,84,81,,225,,,168,3691,19,100,,,16,,,,,66,2136,32,,,,,2707,,,55,,,,,151,,,,46,,153,60,14,191,40,54,18,196,,469,3095,,3102,37,,,,,,,,65,,,,,,14,,,41,,,20,,,,,,1380,,,,,,36,,,,,,628,,87,149,,,,,98,,67,,319,,505,,298,184,120,127,,616,,,170,582,,,,,,21,,,,31,,,,,,,,27,,,108,,4695,,,,,,261,722,,,20,,,,,,,,49,,,,,223,,1534,,9115,,567,,,2995,,,,,,
Philippines,1201,114,454,,,74,,,146,133,62,3932,495,,,110,156,,,524,,,,,34,,,,160,,80,,,,128,38,,5480,,,,,92,35398,252,,123,,521,,38,,,,,,,5665,32,436,,,,452,158,,,,,,,,,110,1186,,,,,,3727,34,,150,,,,992,34,,,,,,,240,53,10476,3253,577,70,425,,605,1705,,13537,175,,53,,168,,372,,131,,,47,,,,,,781,,,,,,,,,143,,,,,,,,415,,,67,476,,378,,,189,,,642,401,491,34,,59,,110,,108,59,51,119,6799,,,34,65,,,,,,,,,,722,,,,,807,,,,,,800,,1284,170,,61,123,,596,1017,61,,335,,139,,,,,560,866,,,,,,425,4217,,35015,,,,,,406,,,,,
Poland,147,131,604,,,59,,,283,2183,,942,3930,276,,,103,,78747,5413,,,,,50,,3606,,270,,,1794,,,,27,38,3061,,,,,61,1221,,,128,,110,,37,,815,234,,216,4680,,,926,,,21,47,469,,,25,206,45,,,,260,27091,,,,,338,79149,37,,3214,,,,,,58,,27,,,,1393,511,889,117,239,441,7874,,359,10304,,529,142,4775,63,,199,130,,1608,397,,,249,,52319,239,,,42,,31,,,,,,,220,,25,334,61,,329,28,,,,58,2686,,110,,,395,,,1585,,221,,34,,,116,202,,142,,26,122,575,,2573,39565,,,,,,,,,,181,91,1073,,,,,1344,158,,,395,,5000,89,,117,,,1355,1053,610,60,102,275,,,,,,425,906,56,,,65,214193,130,35829,72,14179,,97,515,,75,2896,,,118,44,107
Portugal,,44,203,,329,137826,,,1165,89,,1061,445,58,,,1297,,834,3017,,29,,,188,,37,,118415,,,4568,,,52513,,65,6417,,,,,172,9227,116,1760,568,,419,,,114,72,1431,,26,218,65,1603,349,,,59,394,370,76,194,,112,27,,,,295,80086,,,499,101,943,23733,170,,165,,,,,27,3970,25070,,,,,352,25,6889,218,180,37,1377,,299,2405,23,273,25,769,90,,,,,182,65,,25,25,179,322,3463,23,403,43,,100,38,,,35,,,234,,,,69,,1736,61946,,,,468,3493,,39,,,235,,,292,,1708,,30,,48,252,419,859,,,,113,17400,,20079,5006,,,,,,,,,15804,,1833,46,,48,25,,82,50,,,9728,,13976,23,,,,511,709,14276,23,,241,241,1516,66,,,,121,262,,,,24,41047,,16215,61,6137,,198,776,,21323,48,,,,,1010
Puerto_Rico,,,,,,,,,1369,,,,,,,,,,,,,,,,58,,,,97,,,,,,,,,121,,,,,1052,1351,,,4589,,,,551,,,12882,,,,,,,,1215,63981,999,36,1327,,,,,,,,,146,,,,,,515,,,,,,,,511,,,52,235,,174,,,51,,,,,,46,195,44,85,92,,,,,,,,18,,,,,,,,,,,,,,,,,,3142,,,,,,,,,,,,28,,,239,,,,,,,,,617,,,603,143,19,36,,,107,,,,,,,,,,,,,,,,,,,,,,,,,,,2344,,,,,,,,,,18,,,,,,176,,22,,,,,,,176,,185814,443,,,,2147,65,,,,,
Qatar,1356,,,,,,,,,,,,,,,659,169370,,,,,,,,,,,,,,,,,,,,,,,,663,,,,,,,,,,,,,,,,,,,,,,,,136060,,,2401,,1846,,,,,1374,,,,,,,,,,,,,,,,,,,,,,,540914,48072,,,,,,,,,26916,,,,8395,,,,5865,,,,,,,,,,,,,,,,,,,,,,,,1431,,,,,66011,497,,,,,2347,,,,,145204,,,,,,107963,,,,,,,,,,,,,,,,,,,1054,,,,,,,,,,1609,,2632,,33403,7243,22272,,,,,8688,,1916,,,,,,,910,6249,,,,,,12533,4771,,2412,,,,,,,,,33584,,
Republic_of_Korea,,,,,,,,,,,,4013,,,,,8664,,,,,,,,,,,,,,,,,,,10855,,13912,,,,,,490028,,,,,,,,,,,,,,,,,,,,,,,,,,,,,,,1868,,,,,,1441,,,,,,,,,,,,,,,,,4419,25526,,,,,,,,18086,,1145,,,,1523,,,,,,,,,,,,1108,,,,,,,,,,,,20251,,,,,3542,,,8563,,,1780,,,1194,,,,,7745,,,,,,36758,,,,,,,,,3592,,,,,,,,,,,,,,,,,,,,,1548,,,16153,,,,,,,,,25642,,,,,,,,,,,,,,,3840,,53578,,,19312,,,91350,,,,,
Republic_of_Moldova,,,,,,,,,,,,,,1086,,,,,3669,,,,,,,,,,,,,134,,,,,,,,,,,,,,,,,,,,,,,,,150,,,,,,,,,,,,,,,,,,,,,,,1028,991,,,88,,,,,,,,,,,,201,,,,,,,,89,270,,,,5719,,,,,,,,,,,,,,,,,,,,,,,,,,,,101,,,,,,,,,,,,,,,,,,,,,,,,,,230,116,,,,,,1490,65379,,,,,,,,,,,,,,,,,,,,,,,,,,,,,,,,,,,,,,,,,203,,,,,70622,,,,,,,1166,,,,,,,,
R?union,,,,,,,,,,,,,,,,,,,,,,,,,,,,,,,,,,,,,,,,,,,,,,,,2143,,,,,,,,,,,,,,,,,,,,,,,,,,,81294,,,,,,,,,,,,,,,,,,,,,,,,,,,,,,,,,,,,,,,,,,,,,,,,16210,,,,,,,,,4893,6294,,,,,,,,,,,,,,,,,,,,,,,,,,,,,,,,,,,,,,,,,,,,,,,,,,,,,,,,,,,,,,,,,,,,,,,,,,,,,,,,,,,,,,,,,,,,,,,,,,,
Romania,,707,9,,,,,,,2,,,715,,,,10,,,914,,,,,,,,,5,,,18358,,,,,0,,,,,,0,2109,,,,,,,,,,2,,64,577,,,81,,,0,,27,,,,,,,,,,1680,,,,,0,2855,0,,5092,,,,,,1,,,,,,6120,,0,,976,1041,332,,912,11606,,,909,0,,,,,,,1067,,,,,0,,,,,,0,,,,,,,12,,,,,,11,,,,,,380,,,,,1,,,3,,1,,,,0,,,406,569,,,,42976,,,7333,,,,,,,,,,,0,1968,,,,,,,,,,,6628,,25,,,,146,83,7272,,,,,,,,,5,3060,,,,,12611,,951,,2474,,,,,9,11,,,,,
Russian_Federation,4999,230,763,43,,501,48,,247,517417,,533,2897,752975,,,463,,749972,463,,93,,,83,,505,27,425,,,5731,436,128,45,112,328,547,,90,149,,104,55119,58,,203,87,569,,31,108,314,2185,,703,11047,10425,,227,,,,236,1041,,102,,57651,266,,,,2169,2518,,,,,441793,139367,310,,1916,,,,,,200,128,,,,,16525,44,5594,160,1974,968,171,,3580,1861,,1005,801,2512343,443,,84,580279,119,87715,949,,,264,,69747,35,82,28,1527,45,71,52,,,,63,,200,,45,20748,259,,1081,109,615,118,,171,538,,85,59,29,781,,49,687,51,714,,24,,36,271,144,28661,228,,25,3651,288805,,3837,,45,,,,,,,46,,214,71,,,,49,,1798,344,,57,236,,1368,576,556,254,,,467,569,3203,457775,213,251,,,,,,329,10045,182189,,571,80,2978217,349,1708,213,4502,,118,1125335,,96,13416,,30,636,463,71
Rwanda,,,,,,,,,,,,,,,,,,,,,,,,,,,,,,,,,,64931,,,,,,,,,,,,,,,,,,,,,,,,,214283,,,,,,,,,,,,,,,,,,,,,,,,,,,,,,,,,,,,,,,,,,,,,,,,,,,2598,,,,,,,,,,,,,,,,,,,,,,,,,,,,,,,,,,,,,,,,,,,,,,,,,,,,,,,,,,,,,,,,,,,,,,,,,,,,,,,,,,,,,,,,,,,,,,,,,,,,,,,,,,92808,,,,43060,,,,,,,,,,,,
Saint_Helena,,,,,,,,,,,,,,,,,,,,,,,,,,,,,,,,,,,,,,,,,,,,,,,,,,,,,,,,,,,,,,,,,,,,,,,,,,,,,,,,,,,,,,,,,,,,,,,,,,,,,,,,,,,,,,,,,,,,,,,,,,,,,,,,,,,,,,,,,,,,,,,,,,,,,,,,,,,,,,,,,,,,,,,,,,,,,,,,,,,,,,,,,,,,,,,,101,,,,,,,,,,,,,,,,,,,,,,,,,,,374,,,,,,,,,,,,,
Saint_Kitts_and_Nevis,,,,,,,,393,,,,,,,21,,,94,,,,,,,,,,,,237,,,,,,,,,,,,,,,,,,,,,,,,,,,,,,,,195,,,,,,,,,,,,,,,,,,,,,,,,56,,,,,,756,,,,,,,,,,,,,,138,,,,,,,,,,,,,,,,,,,,,,,,,,,,,,,,,418,,,,,,,,,,,,,,,,,,,,,,,,,,,,,,,,,,,,102,,166,,,,,,,,,,,,,,,,,,,,,,,,,,,,,,,,,259,,,,,,,,,,,,596,,,,,,,,,,
Saint_Lucia,,,,,,,35,112,,,17,16,,,13,,,736,,,1,,6,,,,,,12,4,,,,,,,,243,4,,,,,47,,,,,,,,,,23,,,,,,,,217,46,,,,,,,4,,,,,70,288,,,,,70,23,,,,151,42,,4,,,1867,,,,,,112,,,,,,,16,177,25,,,,,,,,,9,,,,,,,,,,,,,,450,,,,9,,,,,30,,,,,,,19,,1,,,13,,,,,17,,27,,,,,,,16,,,,,,,,,42,,,412,,,,,,,,,,,,,,,9,,,,,,40,,,,27,,,,,,,,738,,,,,,,,,920,,627,19,,,,60,,,,,,1
Saint_Pierre_and_Miquelon,,,,,,,,,,,,,,,,,,,,,,,,,,,,,,,,,,,,,,187,,,,,,,,,,,,,,,,,,,,,,,,,,,,,,,,,,,,,745,,,,,,,,,,,,,,,,,,,,,,,,,,,,,,,,,,,,,,,,,,,,,,,,,,,,,,,,,,,,,,,,,,,,,,,,,,,,,,,,,,,,,,,,,,,,,,,,,,,,,,,,,,,,,,,,,,,,,,,,,,,,,,,,,,,,,,,,,,,,,,,,,,65,,,,,,,,,,,
Saint_Vincent_and_the_Grenadines,,,,,,,,57,,,,,,,,,,340,,,,,,,,195,,,,,,,,,,,,163,,,,,,,,,,,,,,,,,148,,,,,,,83,,,,,,,,,,,,,,,,,,,,,,,,424,,,,,,238,,,,,,,,,,,,,,123,,,,,,,,,,,,,,,,,,,,,,,,,,,,,,,,,,,,,,,,,,,,,,,,,,,,,,,,,,,,,,,,,,,,39,233,,,,,,,,,,,,104,,,,,,,,,,,,,,,,,,,,,,,943,,,,,,,,,781,,331,,,,,,,,,,,
Samoa,,,,1650,,,,,,,,346,,,,,,,,,,,,,,,,,,,,,,,,,,11,,,,,,62,,,,,,14,,,,,,,,,,,,,,,,,,,,,,,142,,11,,,,,,45,,,,,,,,,,,,,,,,,,,,,,,,,,53,,,,16,,,,,,,,,,,,,,,,,,,,,,,,,,,,,,,,,8,,,,1551,,,,7,,,,,,,48,,,,,,,,,,,,,,,,,,,,,,,,,,,,,,,13,,,,,,,,,,,,,,,,,,111,80,,,,,,76,,,,29,,381,,,,17,,,,,,,
San_Marino,,30,,,,,,,69,,,,,,,,,,,,,,,,,,,,24,,,,,,,,,,,,,,,,,,,,,,,,,,,,,,,,,,,,,,,,,,,,,,24,,,,,,,,,,,,,,,,,,,,,,,,,,,,,,3829,,,,,,,,,,,,,,,,,,,,,,,,,,,,,,,,,,,,,,,,,,,,,,,,,,,,,,,,,,25,,,,,,,109,29,,,,,,,,,,,,,,,,,,,,,,,,,,,,,,,,,,,,,,,,,,,,,,53,,,,,,,,,,,,,,,
Sao_Tome_and_Principe,,,,,,404,,,,,,,,,,,,,,,,,,,,,,,,,,,,,1538,,,,,,,,,,,,,,,,,,,,,,,,,,,,,,,,165,,,,,,,,,,,268,,,,,,,,,,,,,,,,,,,,,,,,,,,,,,,,,,,,,,,,,,,,,,,,,,,,,,,,,,,,,,,131,,,,,,,,,,,,,,,,,,,,,,,134,,,,,,,,,,,,,,,,,,,,,,,,,,,,,,,,,,,,,,,,,,,,,,,,,,,,,,,,,,,,,,,,,,,,
Saudi_Arabia,280395,,,,,,,,,,,,,,,,808485,,,,,,,,,,,,,,,,,,,,,,,,,,,,,,,,,,,,,,,,,,,,,,,,603000,,,,,102910,,,,,,,,,,,,,,,,,,,,,,,,,,,,1579235,1070951,,5039,,,,,,,152257,,,,,,,,96479,,,,,,,,,,,,,,,,,,,,,,,,,,167772,,,299632,,,,,,,,,,,938913,,,,,,404010,,,,,,,,,,,,,,,,,,,,,,,,,,,,,,,,,338283,,301500,,,,,515803,,,,,,,,,,,,,,,,,,,,,,,,,,,,482400,,
Senegal,,,3940,,,,,,,,,,,,,,,,,,,3393,,,,,,,609,,,,,,,,953,,,,,,,,,,,,,,,2642,,,,,,,,,,,,,,,,,,,,,,,13027,,,,4849,,821,1678,,,,,,,,48426,27726,,,,,,,,,,,,,,,,,,,,,,,,,1037,,,,,,,,,,,32035,,,,50090,,,,,,,,,3873,,,,,,,,,,1589,797,,,,,,,,,,,,,,,,,,,,,,,,,,,,,,1340,,,,14007,,,,,,,,,,,,,,,,,,,,,,1570,,,,,,,,,,,,,,752,,,,,,,,,,,
Serbia,,478,55,,,,,,51,162,,691,7160,,,,,,138,223,,,,,,,343743,,87,,,1161,,,,,,627,,,,,,1804,,,,,,,,,289781,30,,177,526,,,188,,,,,79,,,,,,,,,35,5513,,,,,50,16455,30,,936,,,,,,,,,,,,1842,,302,33,67,181,54,,112,1968,,40,102,100,,,69,,,,47,,,383,,29,93,,,,,,55,,,,,,27,,,,72867,,34,,,,,,770,,25,,,,,,142,,,,,,,51,45,680,40,,,27,236,,3691,3012,,,,,,,,,,,,,,,,,488,11183,,,145,,162,,78,,,,1219,2922,126,,,47797,,,,,,41,397,30,,,,1304,25,662,,1316,,,82,,38,,,,,59,29
Seychelles,,,,,,,,,,,,46,,,,,197,,,34,,,,,,,,,,,,,,,,,,,,,,,,456,,,,,,,,,,39,,,,,,,,,,,,,,,,,,,,,214,,,,,,76,,,,,,,,,,,,,,,,,5788,126,,,,,,109,,,,,366,,,,,,,,,,,,,716,,,34,,,,,,495,,,,,,,,,,,,,157,,,,,,122,,,,,22,,,,,,630,,,,,,,,,86,,,,,,,,,,,,,,,,,,,,58,228,,22,534,,,,,,,,,214,,,,,,,,,,,,25,,,259,,,,,,,,,,,,,
Sierra_Leone,,,,,,,,,,,,,,,,,,,,,,240,,,,,,,,,,,31,,1,,,34,,,,,,258,,,,,,,,67,,,,,,3,,,,,,,,,,,,,,,,,,,,,4843,,123,1206,,,,,,,,68669,20,,,,,,,373,,,,,,,,,3,,,,,,,,,2023,,12509,,,,,,,,,1803,,,,130,,,,,,,,,,,,,,,,,,,148,1955,,,,,,,,,,,,,,,,11,,,,68,,,,,,,,,,,679,,,,,,,,,,219,,,,,,,,,,,,,,,37,,,,,,,,,,,,563,,466,,,,,,,,,,,
Singapore,,,,,,,,,,,,8706,,,,,68502,,,,,,,,,,,,,,,,,,,,,3814,,,,,,365797,56502,18709,,,,,,,,,,,,,,,,,,,,,,,,,,,,,,,,,,,,,,,,,,,,,,,,,,,,124357,136979,,,,,,,,,,,,,,,,,,,,,,,,,,971827,,,,,,,,,,,,,,,,,,,,,,,3386,,,,,,,,108812,,,,,,12820,,,,,,,,,,,,,,,,,,,,,,,,,,,,,,,,,9222,,,,,,,,,15658,,,,,,,,,,,,,,,,,14344,,,,,,,,,,,
Sint_Maarten_(Dutch_part),,,,,,,367,513,,,1234,,,,,,,70,,,,,,,,158,,,,868,,,,,,,,37,,,,,,167,,,200,,,,,,,795,1368,,,,,,,1435,3403,,,,,,,,,,,,85,,,,,,,,,,,,1968,,,,,1735,2635,,,,,801,57,,,,,,,2269,,,,,,,,,,308,,,,,,,,,,,,,,72,,,,,,,,,,,,,,,,701,,,,,,,,,,,,,,,,,,,25,,,,,,,,,1001,467,,67,,,,,,,,,,,,,,,,,,,,,500,,,,,,,,,,,,200,,,,,,,,,50,,300,67,,,,40,,,,,,
Slovakia,126,76,84,,,20,,,68,118,,222,2604,29,,,,,177,666,,,,,,,324,,84,,,1808,,,,,,363,,,116,,22,856,,,44,,18,,,,664,113,,87,73744,,,199,,,,28,149,,,,42,25,,,,124,2454,,,,,65,3856,16,,330,,,,,,,,,,,,14561,38,122,22,104,62,667,,149,2217,,111,46,199,20,,59,19,,111,86,,,45,,110,40,,,,,,18,,,,,,67,,,52,31,,42,,,,,,453,,28,,,87,,,563,,69,,,,,45,24,5564,131,,,435,92,,6731,2287,,,,,,,,,,28,,1547,,,,,,255,,,88,,676,,30,,,,211,512,187,,50,595,,,,,,118,253,,,,,8258,55,4037,,1764,,,37,,,1737,,,28,,
Slovenia,5,104,37,,,,,,449,,,426,5938,,,,,,112,398,,,,,,,111632,,85,,,515,,,,,7,425,,3,,,30,794,,,32,,,,,,60310,44,,,361,,,50,,,163,,98,,,,19,,,,,31,1774,,,,,,13324,20,,85,,,,,,,,,,,,488,,90,27,58,60,29,,42,4688,,78,77,48,17,,,,,23,26,,,49,,35,54,,,,,,,,,,,,41,,,,2997,,19,,,,,,417,,24,,,29,,,,,19,,,,,39,68,412,39,,,20,311,,306,1006,,,,,,,,,,,,23127,,,,,468,,,,37,,114,,,14,,,421,1503,37,,213,15547,,,,,,40,98,,,,,1499,,568,,722,,,33,,44,,,,,,
Solomon_Islands,,,,,,,,,,,,298,,,,,,,,,,,,,,,,,,,,,,,,,,,,,,,,211,,,,,,,,,,,,,,,,,,,,,,,,,,,,,110,,,,,,,,,,,,,,,,,,,,,,,,,,74,,,,,,,,31,,,,283,,,,,,,,,,,,,,116,,,,,,,,,,,,,,,,,,,,,,36,79,,,,,,,,,,,603,,,129,,,,,34,,,,,,,,,,,,,,,,,,,,,,,,,,,,,,,,,,,,,,,,,,,,,,,,,,,,42,,31,,,,71,,,,,,,
Somalia,,,,,,,,,,,,,,,,,,,,,,,,,,,,,,,,,,,,,,,,,,,,,,,,,,,,,,,,,,,,,,,,,,,,37,,1882,,,,,,,,,,,,,,,,,,,,,,,,,,,,,,,,,,,,,,,,,,,,,,,,,,,,,,,,,,,,,,,,,,,,,,,,,,,,,,,,,,,,,,,,,,,,,,,,,,,,,,,,,,,,,,,,,,,,,,,,,,,,,,,,,,,,,,,,,,,,,,,,,,,,,,,,,,,,,,,,,,
South_Africa,69,129,355,,,29562,,,1876,,,5698,4264,,,131,2107,24,191,6287,,154,49,,129,,151,33112,2321,19,19,3112,,4729,,,2036,4503,,95,,,529,18522,1278,,469,156,16438,,,917,792,1213,,3887,1578,110,23474,2000,,,,,3654,,,945,116,6600,,,38,513,5989,,,248,,,44843,5272,43,7141,,,,,72,63,24,45,,,,,26,31848,964,552,120,9571,,3534,18441,154,1385,45,,13039,,72,22,26,332,733,213763,518,129,,319,22,341,48994,720,45,85,271,,,,6724,,227,,21,,,,861,379605,172,83326,19,101,15904,,2474,87,17,13083,17,22,882,26,7909,,47,47,95,162,1186,7800,35850,,,1318,,265,1280,2686,3426,179,21,,,,,,,490,2178,3054,527,377,720,,334,,,21729,,,1153,781,81,2348,,59752,192,1555,93,,693,97,,,,,21,91,894,,,,3916,3012,143,236904,7535,13339,,91,,,238,128,,,69,44090,324228
South_Sudan,,,,,,,,,,,,,,,,,,,,,,,,,,,,,,,,,,,,,,,,5166,5327,,,,,,,,,,,,,,,,,,67795,,,,,,5287,,,3410,,8605,,,,,,,,,,,,,,,,,,,,,,,,,,,,1454,,,,,,,,,,,,9821,,,,,,,,,177,,,,,,,,198,,,,,,,,,,,,,,,,,,,,,,,,3635,,,,,,,,,,,,,,,,,,,,,,,,,,,,,,,,,,,,,,,,,,,,,,0,,,,,,,,,,,,,,,,,,,144466,,,,,,,,,,,,,,,,
Spain,439,1807,60245,,5578,4005,,,282555,10246,,5593,8714,499,53,43,10533,36,3530,41797,25,420,,,216020,,2162,,132649,,23,145061,1111,101,4499,82,5860,5698,,142,95,,64296,154918,,,376158,,2333,,3149,3187,1691,103189,,309,8540,103,1614,11171,23,935,136976,496666,4053,7951,21552,140,1254,2695,,,31,10378,210047,,,271,18688,9792,212883,14895,,3625,,513,,,6440,12192,6554,108,610,,26902,7773,1043,35225,1967,4920,1694,13455,,2659,87330,262,5638,2099,1184,1327,,405,255,203,3129,3125,,914,749,116,18531,1398,383,43,515,,23681,263,,,11138,237,,44801,77,234,367,138,,763735,1239,76,112,,2594,46634,,821,12892,269,36852,,,14587,20,56836,,4381,28,80087,197827,38863,74330,134592,,52,3641,17111,,727521,58461,254,,,60,,,,24,203,527,56348,3726,43,1204,421,,7312,1011,,307,2437,,,565,,396,196,,18133,63693,4880,55,1630,549,,486,,,182,2644,3276,27,,48,195,79843,225,319144,293,35239,,84808,507,,147826,1112,,,96,149,306
Sri_Lanka,129,,,,,,,,,,,465,,,,393,658,,,,,,,229,,,,,,,,,,,,,,247,,,,,,2312,,,,,,,,,,,,247,,,,,,,,,128,,,,,,,,,61,294,,,,,,547,,,89,,,,,,,,,38,,,,,10529,317,103,40,,,55,5236,,828,271,,,,1711,,,,723,,,40,,,,,,901,1474,,,,,,,,,,,,,,,,,,,337,,,110,,,,,,116,325,809,,,,,,,,13,,270,596,,,,147,,,,,,,,,,1280,,,26,,597,,,,,,257,,36,,,,,,127,284,73,,271,,,,,,,,45,,,,,,1645,1163,,598,,,,,,,,,,,
State_of_Palestine,,,,,,,,,,,,,,,,8640,,,,,,,,,,,,,,,,,,,,,,,,,,,,,,,,,,,,,,,,,,,,,,,,,18633,,,,,,,,,,,,,,,,,,,,,,,,,,,,,,,,,,,,,,,63515,,,,56259,,,,17280,,,,3344,,,,,,,,,,,,,,,,,,,,,,,,,,,,,,,,,,,,,,,9426,,,,,,,,,,,10211,,,,,,,,,,,,,,,21993,,,,,,,,,,,,,,,,,,,,,4719,,,,,,,,,606,,,,,,,10996,,,7904,,,,,,,,,1482,,
Sudan,,,,,,,,,,,,,,,,,,,,,,,,,,,,,,,,,,,,,,,,16064,71202,,,1215,,,,,,,,,,,,,,,20549,,,,,,14675,,,132187,,70677,,,,,,,,,,,,,,,,,,,,,,,,,,,,1396,,,,,,,,,,,,2814,,,,,,,,,1701,,,,,,,,734,,,,,,,,,,,,,,,,,,,,,,,,16214,,,,,,,,,,,,,,,,,,,,,,,,,,,,,,,,,,,,,,,,86,,202948,,,,,,,,,,,,,,,,,,,,,,,2079,,,,,,,,,,,,,,,,
Suriname,,,,,,,,,,,,,,,,,,,,,,,,,,,,,4626,,,,,,,,,,,,,,,4526,,,,,,,,,,,,,,,,,,,,,,,,,,,,,,,,,,,,,,,,,,,,,,,,11264,,,,,,,,,,,,,,,,,,,,,,,,,,,,,,,,,,,,,,,,,,,,,,,,,,,,,,2890,,,,,,,,,,,,,,,,,,,,,,,,,,,,,,,,,,,,,,,,,,,,,,,,,,,,,,,,,,,,,,,,,,,,,,,,,,,,,,,,,,,,,,
Swaziland,,,,,,106,,,,,,44,,,,,,,,,,,,,,,,54,,,,,,190,,,,19,,,,,,,,,,,62,,,,,,,,,,141,,,,,,,,,,,26,,,,,,,,,,,,,,,,,,,,,,,,,,,,,,,,,,,,,,,,,,,,,,,198,40,,,,,,,,,,,,,,,,,,,,,,,10841,,,,,,,21,,,,,,,,,,,,,,,,,,,,,,,,121,,,,,,,,,,,,,,,,,,,77,12067,,,,,,,,,,,,,,,,,,,,,,,,48,,,,,228,,,,,,,,,,,
Sweden,14420,1281,2575,,,716,,,2868,1672,,3369,5829,2107,27,70,6289,115,2049,1904,,78,,30,3762,,56183,82,6005,,,6652,72,2599,351,494,1366,3100,,80,54,,28378,25107,593,,10531,,637,,362,709,6277,2339,,538,1274,86,2246,45548,104,46,574,1992,3718,2677,35,10301,10010,13822,,,56,169521,7944,,,12,3886,859,48158,1927,,11381,,45,,,760,339,120,127,135,,330,15339,4728,17863,2198,62120,121761,1950,,2339,7804,280,2963,2848,1227,2424,,1459,559,482,4686,24116,26,873,1364,,6735,238,89,79,1384,12,102,130,,,44,174,,2015,,29,830,419,,7391,333,1403,90,,708,8700,,1011,649,30,2997,,,43430,37,10265,,263,25,180,6738,9826,70253,2936,,74,10398,446,,19741,15511,397,,,30,,,26,,,1658,534,5324,63,687,772,,1213,983,,37846,2023,,6763,6722,3444,1766,32,25,,3061,20758,213,31378,4752,,309,,27,293,4065,42527,215,,,3013,4741,742,20839,1416,17179,,2247,2385,,865,14584,,,605,405,442
Switzerland,3926,1709,8169,,46,5715,,97,7542,631,,6699,55388,492,111,262,1799,73,1017,13822,54,482,,62,2908,,48965,63,40405,,48,5068,549,496,1812,2212,6175,10526,,174,260,,6596,15662,,,10168,26,1048,,796,2569,18522,2773,,322,12112,426,5846,5111,86,311,9151,4300,5478,632,37,7568,502,4435,,,60,4738,129392,,,238,616,588,308470,2361,,7873,,40,,,868,1048,292,116,1573,,477,14910,352,16237,3110,7965,6416,3105,,3263,225317,682,6464,585,2044,2904,,400,426,888,1427,5260,73,376,936,2120,1074,2055,1507,93,2030,56,382,253,,,111,2482,,5621,,227,590,2380,,14887,1078,216,282,,811,26692,,1607,519,170,2981,,,2081,75,3788,,388,222,868,8289,11417,22466,175197,,60,3084,1017,,12636,16367,926,,,51,,,,,49,846,1994,143493,201,290,1588,,10612,3333,,4201,6498,,53499,35858,157,954,92,90,8681,,3144,140,17011,50039,,1588,,,290,9491,71894,82,,,676,6269,371,40895,756,32631,,1452,631,,3395,10255,,,394,312,914
Syrian_Arab_Republic,1611,,,,,,,,,,,,,,,,,,,,,,,,,,,,,,,,,,,,,,,,,,,,,,,,,,,,,,,,,,,,,,,,,,,,,,,,,,,,,,,,,,,,,,,,,,,,,,,,,,,,1012300,,,,,,,,,,,,,,,,,,,,,,,,,,,,,,,,,,,,,,,,,,,,,,,,,,,,,,,,,,,,,,,,,,,,,,,,,,,,,,,,,,,,,,,,,,2762,,,,,254356,539,,,,,,,,,,,,,,,,,,,,,,,,,,,,,,,,,,,
Tajikistan,8900,,136,,,,,,,204,,,68,177,,,,,710,,,,,,,,,,,,26,,,,,,,53,,,,,,51,,,,,,,,,,,,,,163,,137,,,,,,,,,,,,,,,,,,,,693,141,,,,,,,,,,,,,,,,,644,,1249,67,,,,,,,,876,,,,11759,,,,,,,,,,,,,,,,,,,,,,,,,,,,,,,,,54,,115,,25,,,,,39,99,,,,,,,40,,,,,821,,,239484,,,,,,,,,,,,,,,,,,,,,,,,,,,,,,56,,,,,,,,,,,810,466,,,,1261,,328,,286,25,,7860,,,,,,,26,
Thailand,1,,,,,,,,,,,1310,,,,,1299,,,,,,,,,,,,,,,,,,,611508,,695,,,,,,68811,,,,,,,,15,,,,,,0,15,593,,,,,0,,,,,2,,,,,1220,,,,,,2126,,,,,,,,,,,,,,,,,8232,621,13,76,,,,567,,7553,,,,,,,829240,,,,1,,,,,,,1216,,,,,,,,,,,,,,,,,1648602,,,10345,630,,1665,,,,,,664,,2171,,,,,,1213,,491,,,841,,,,,4,,,,,,,,,1,,,,,675,,,,,122,,,,7126,14,1,,,645,870,,,,,,2,,,,,1,,,,0,,,1913,,3750,,,,,,6519,,,0,,1
The_former_Yugoslav_Republic_of_Macedonia,,70230,,,,,,,,,,,,,,,,,,,,,,,,,8043,,,,,990,,,,,,,,,,,,,,,,,,,,,1323,,,,50,,,,,,,,1813,,,,,,,,,,,,,,,,39,,,216,,,,,,,,,,,,75,,,,,,,,,35,,,,,,,,,,,,,,,,,,,,,,,,,,,,,,,,,8519,,,,,,,,,,,,,,,,,,,,,,,,,93,,,,,,,22,199,,,,,,,,,,,,16538,,,,,34,237,,,,,,,,,,,,,,,,,,,,,,,19770,,,,,60,,,,,,,,,,,,,,,
Timor-Leste,,,,,,,,,,,,517,,,,,127,,,,,,,,,,,,188,,,,,,,,,,,,,,,1139,,,,,,,,,,105,,,,,,,,,,,,,,,,,,,,,,,,,,,,,,,,,,,,,,,,,,,,,5501,,,,,,,,,,,,,,,,,,,,,,,,,,165,,,,,,,,,,,,,,,,,,,,,,,171,,,,,,,,234,,,,,,726,,318,,,,,,,,,,,,,,,,,,,,,,72,,,,,,,,,,,,,,,,,,148,,,,,,,,,,,,,,,,,69,,,,,,199,,,,,
Togo,,,,,,,,,,,,,,,,,,,,56,,67665,,,,,,,,,,,12075,,36,,619,42,,333,633,,,459,,,,,229,,,3007,,,,,,,589,,,,,,,,95,,,,,,,,945,,,796,944,,172,42991,,,,,,,,2964,116,,,,,,,,,,,,,,,,,,,,,,,,,,,150,,,,,,,,,7641,,,,129,,,,,,,,,,,,,,,,,,,61126,29347,,,,,,,,,,,,,,,,,,,,,746,,,,,,,,37,,895,,,93,,,,,,,,,,,,,,,,,,,,,,,,,,,,,,,,,,,,182,,,,,,,,,,,
Tokelau,,,,,,,,,,,,33,,,,,,,,,,,,,,,,,,,,,,,,,,,,,,,,,,,,,,,,,,,,,,,,,,,,,,,,,,,,,,,,,,,,,,,,,,,,,,,,,,,,,,,,,,,,,,,,,,,,,,,,,,,,,,,,,,,,,,,,,,,,,,,,,,,,,,,,158,,,,,,,,,,,,,,,,,,,,,,,,,,,,,,165,,,,,,,,,,,,,,,,,,,,,,,,,,,,,,,,,,,,,39,,,,,,,,,,,,,,,,,
Tonga,,,,,,,,,,,,,,,,,,,,,,,,,,,,,,,,,,,,,,,,,,,,156,,,,,,,,,,,,,,,,,,,,,,,,,,,,,635,,,,,,,,,,,,,,,,,,,,,,,,,241,,,,,,,,,92,,,,,,,,,,,,,,,,,,,,,,,,,,,,,,,,,,,,,,,,,,,,,,,,,,,,,,,,,,,,,,,,,,,,,,,293,,,,,,,,,,,,,,,,,,,,,,,,,,,,,,,,,,,,,,,,,,,,,,,,,,,,,,
Trinidad_and_Tobago,,,,,,,,,,,,,,,,,,1029,,,,,,,,,,,,,,,,,,,,1716,,,,,,836,,,,,,,,,,74,,,,,,,,,,,,,,,,,,,,,,,,,,,245,,,,,7748,,,,,,9490,,,,,,926,,,,,,,,1445,,,,,,,,,,,,,,,,,,,,,,,,,,,,,,,,,,,,,,,,,,,,,485,,,,,,,,,,,334,,,,,,,,,,,,,850,,6207,,,,,,,,,,,,,,,,,,,,,,,,,,,,,,,,,,,,,,,,,,2286,,5597,,,,,1672,,,,,,
Tunisia,,,8068,,,,,,,,,,,,,,,,,,,,,,,,,,,,,,,,,,555,,,,,,,,,,,,,,,504,,,,,,,,,,,,,880,,,,,,,,,,6669,,,,,,1121,,,,,,,,,,,,,,,,,,,,449,,,,1705,,,,,,,,,,,,,,7062,,,,,,,,771,,,,409,,,,,,,,,4480,,,,,,,,,,,420,,,,,,,,,,,,,,,,,,,,,,,,,,,,,,,317,,,,,,,,,,,,,,414,,,,,,829,,,,,,,,,,,,,,,,,,,470,,,,,,,,,,,
Turkey,11022,3276,640,,,,,,138,785,,2904,14180,16605,,,325,,296,8656,,,,,,,2341,,339,74,,475652,,,,,,1410,,,,,43,1727,56,,46,,,,53,,219,43,,10278,1121,28,40,3328,,,,,766,,,,111,78,,,,1652,15802,,,,,6439,270596,142,,58579,,,46,0,,,,,,,,514,42,514,177,14728,14069,531,,2689,2811,,1979,891,4941,171,,282,1732,,63,1120,,,3037,,257,44,,,261,,,42,,,,,,151,,,188,,,469,,37,,,,21587,,286,,,292,,,3514,24,1125,,,,,52,578,3377,221,,30,505,2307,,20512,19647,,,,,,,,,,4347,65,,,,195,,310,144,,955,291,,1195,67,793,353,,75,5276,10256,5311,263,144,142389,,,,,,505,,2012,,,,4133,43,18709,219,13431,,43,7867,,39,29,,,68,,
Turkmenistan,,,,,,,,,,7066,,,,7698,,,,,3900,,,,,,,,,,,,,,,,,,,,,,,,,,,,,,,,,,,,,,,,,,,,,,,,,,,,,,,,,,,,,,1874,,,,,,,,,,,,,,,,,,,3230,,,,,,,,,18300,,,,,,,,,,,,,,,,,,,,,,,,,,,,,,,,,,,,,,,,,,,,,,,,,,,,,,,,,,,,,,62857,,,,,,,,,,,,,,,,,,,,,,,,,,,,,,,,,,,,,,,,,,,,,,4862,,,,,,,85650,,,,,,,,
Turks_and_Caicos_Islands,,,,,,,,,,,,,,,51,,,,,,,,,,,,,,,,,,,,,,,448,,,,,,,,,,,,,,,,,,,,,,,,,752,,,,,,,,,,,,,,,,,,,,,,,,,,,,,,6605,,,,,,,,,,,,,,,,,,,,,,,,,,,,,,,,,,,,,,,,,,,,,,,,,,,,,,,,,,,,,,,,,,,,,,,,,,,,,,,,,,,,,,,,,,,,,,,,,,,,,,,,,,,,,,,,,,,,,,,,,,,,,,410,,715,,,,,,,,,,,
Tuvalu,,,,,,,,,,,,,,,,,,,,,,,,,,,,,,,,,,,,,,,,,,,,,,,,,,,,,,,,,,,,,,,,,,,,,,,,,53,,,,,,,,,,,,,,,,,,,,,,,,,,,,,,,,,,,,,,33,,,,,,,,,,,,,,,,,,,,,,,,,,,,,,,,,,,,,,,,,,,,,,,,,,,,,,,,,,,,,,,,,,,18,,,,,,,,,,,,,,,,,,,,,,,,,,,,,,,,,,,,,,,,,,,19,,,,,,,,,,,
Uganda,,,,,,,,,,,,,,,,,149,,,46,,,,,,,,,,,,,,21030,,,,277,,,,,,426,,,,,,,,,,,,,,155,166901,182,,,,,,,,3490,,989,,,,,259,,,,,,243,,,43,,,,,,,,,,,,,,4090,,,,,,,421,,212,,,43824,,,,,,,,,,,,,,,,,,,,,,,,,,,,,,,31,,,,,223,,,,,,,,,,697,,,,,,,,,,,182,,,,318,76836,,,,,,,,,,,,,,,,,,,11168,,,63,,,166124,,,,,,,,,,,,,,,,,,,,,,1249,25473,1000,,,,,,,,,,,
Ukraine,2105,,,,,,,,,47150,,,,82025,,,,,244715,,,,,,,,,,,,,1727,,,,,,,,,,,,6539,,,,,,,,,,,,,,,,,,,,,,,,,10188,,,,,,,,,,,64185,1080,,,,,,,,,,,,,,,,,3804,,2129,,,,3740,,,,3702,221504,,,,26640,,19432,1759,,,,,24337,,,,,,,,,,,,,,,,,,,1732,,,,,,,,,,,,,,,,,,,,,,,3068,,,,,149246,,,3265811,,,,,,,,,,,,,,,,,,,,,,,,,1508,,,,,,3708,29270,,,,,,,,,1351,22527,,,,,,,,2729,,,219081,,,12349,,,,,
United_Arab_Emirates,6878,,,,,,,,,,,,,,,1679,919365,,,,,,,,,,,,,,,,,,,,,,,,4493,,,,,,,,,,,,,,,,,,,,,,,,755158,,,16231,,9276,,,,,15230,,,,,,,,,,,,,,,,,,,,,,,2913802,267618,,,,,,,,,141838,,,,56684,,,,35184,,,,,,,,,,,,,,,,,,,,,,,,7508,,,,,23410,2651,,,,,13178,,,,,836310,,,,,,474063,,,,2244,,,,,,,,,,,,,,,5524,,,,,,,,,,8173,,13368,,101145,48946,111835,,,,,44418,,10763,,,,,,,4932,32055,,,,,,,24505,,13114,,,,,,,,,172602,,
United_Kingdom_of_Great_Britain_and_Northern_Ireland,60757,13075,23879,,57,13988,520,3558,10094,1594,603,120868,19315,2783,1844,5573,204858,18045,4215,25941,1294,603,4097,412,3602,,7540,3128,49898,261,5102,46176,212,4291,1139,1162,9801,76921,814,153,331,17753,6830,162564,106808,,24649,138,8511,,693,7598,8038,2373,,75498,37035,16643,18668,22230,434,6100,1323,8388,29985,846,279,16941,8333,14825,380,863,6013,12752,133406,,77,351,10856,3017,286819,91540,10643,35339,53,8910,,,934,2252,2290,20881,304,,609,49996,1981,691279,9208,81080,72047,447993,9426,17454,135115,153842,35720,5627,4837,134474,163,12511,1008,639,58790,15247,758,3422,15742,29,104022,1862,998,15908,66922,359,366,28270,,,207,40167,,9348,,383,1621,1001,6969,20936,5670,11629,2359,28,48686,60965,109,59885,361,193,192508,,,16233,3055,481113,,685,1069,727,6933,124236,625807,88094,,2409,6024,3043,13,79580,37824,4257,2597,5401,8756,,7129,207,,915,32177,1902,8019,3453,22504,40369,,60334,2046,325,98604,194701,,81162,123509,,17588,425,1421,31204,19101,8858,405,42184,2823,1788,1552,,267,22579,5882,89865,699,99,,58257,20842,10962,,34441,188843,120,1311,2550,150,8754,28868,,,17273,27503,118337
United_Republic_of_Tanzania,,,,,,1186,,,,,,,,,,,,,,,,,,,,,,136,,,,,,112009,,,,282,,,,,,,,,,567,24354,,,,,,,,,,60386,,,,,,,,,,,,,,,,,,,,,,924,,,,,,,,,,,,,,,,,7629,,,,,,,550,,,,,27864,,,,,,,140,,,,,,,7011,,,,,,,,187,,,,,,,,,28177,,613,,,,,,,,,,,,,635,,,,,,,,,,,,,,,,5246,,,,,,,,,,,,355,,,,,,,2273,678,,,,,,,86,,,,,,,,,,,,,,,,,6938,,,1040,,1234,,,,,,,,,,10265,809
United_States_of_America,56397,68521,13910,,,9897,,25569,173385,68809,5322,70996,53247,16605,28789,,151639,52759,53494,33139,46553,,8095,,77044,,114726,,335505,,,59180,,,32084,151340,28702,826000,,,,,90964,1827867,219384,10498,625906,,,,86203,20453,43885,1003052,,15441,72659,,18853,29869,,33777,802001,413690,130410,1133462,,23355,9910,145243,,,38921,18535,152374,,,,16438,20511,627569,110298,,143419,,31140,,,777073,14434,,251829,542091,,467515,78221,4807,1696057,90544,331030,116459,127933,,134567,384655,641849,348399,61477,12682,85385,,22739,4628,194912,24907,118708,,69911,6857,,35892,2681,,,59525,,,7620,5764,,,,,11566960,6467,,,,5449,57373,,63676,,,46177,89773,,28435,241518,,205519,,,26238,,287826,,102223,,29749,407435,1751981,463202,377180,1626078,,1071527,30127,,161526,385620,,,15424,18871,,20919,14999,,,33019,30037,26192,,32880,27436,,,6049,,114613,79282,,85832,40208,29679,39867,13853,,45931,40009,57987,3633,212387,22785,,,,15757,228508,8091,97108,1745,,,32926,308931,9392,684806,31939,,,49216,28432,,171960,1174884,,,33981,16789,42811
United_States_Virgin_Islands,,,,,,,972,4585,,,501,,,,,,,368,,,,,,,,396,,,,2463,,,,,,,,,,,,,,,,,,,,,,,,,,,,,,,,5505,4638,,,,,,,,,,,,,,,,,,,,,,,590,,,,,,,644,,,,,,,,,,,,,373,,,,,,,,,,,,,,,,,,,,,,,,,,,,,,,,,780,,,,,,,,,,,,,,,,,,,,,,,,,,4065,,,,,,,,,7096,3423,,518,,,,,,,,,,,,,,,,,,,,,,,,,,,,,,,,,1758,,,,,,,,,,,16851,,,,,,,,,,,
Uruguay,,,,,,,,,22275,,,,,,,,,,,,,,,,,,,,10797,,,,,,,,,306,,,,,1406,,,,,,,,,,,,,,,,,,,,,,,,,,,,,,,,716,,,,,,1018,,,,,,,,,,,,,,,,,,,,,,,,11049,,,,,,,,,,,,,,,,,,,,,,,,,,,,,508,,,,,,,,,,,,,,,,,,,,,,,,,,1459,1110,,1045,502,,,,,,547,,,,,,,,,,,,,,,,,,,,,,,,16053,,,,,,,,,,,,,,,,,,,,,,,,,246,,2217,,,,,523,,,,,,
Uzbekistan,,,,,,,,,,6291,,,,21360,,,,,27674,,,,,,,,,,,,,,,,,,,,,,,,,,,,,,,,,,,,,,,,,,,,,,,,,,,,,,,,,,,,,,8998,,,,,,,,,,,,,,,,,,,,,,,,,,,,14700,,,,5085,,,,,,,,,,,,,,,,,,,,,,,,,,,,,,,,,,,,,,,,,,,,,,,,,,,,,,,,,,913652,,,,,,,,,,,,,,,,,,,,,,,,,,,,,,,,11945,,,,,,,,,,792,,,,129604,,,,,,,,,,,,,,,
Vanuatu,,,,,,,,,,,,612,,,,,,,,,,,,,,,,,,,,,,,,,,,,,,,,,,,,,,,,,,,,,,,,,,,,,,,,,,,,,216,,510,,,,,,,,,,,,,,,,,,,,,,,,,,,,,,,,,,,,,,,,,,,,,,,,,,,,,,,,,,,,,,,,,,,,,,,,242,299,,,,,,,,,,,63,,,,,,,,,,,,,,,,,,,,,,,,,,,,,,,113,,,,,,,,,,,,,,,,,,,29,,,,,,,,,,107,,,,,,,,,,,,,
Venezuela_(Bolivarian_Republic_of),,18,89,,,178,,,9430,32,458,140,802,,,,,23,,385,19,,,,1888,967,22,,5623,,,134,,,,,,1071,,,,,14945,12713,541,,918949,,,,1107,,387,10813,,15,354,44,,136,,2,14254,34373,196,967,,27,49,33,,,,68,3652,28,,,,12,4050,31,,723,,174,,,418,,,8410,1810,,290,969,,244,56,97,74,58,,482,49467,98,369,209,,,,67,,,132,7131,,,130,,139,,,,32,,,,,40,,,,3585,,,,257,,995,50,,,,,654,,17,1969,,99,,,85,,13,,876,,215,43607,152,860,53028,432,,262,,,825,636,,,,10,,114,,,,1494,13,783,,,17,,22,97,,,69,,73179,,454,,48,,116,642,14754,,66,,,,,,2724,13,123,,,,,199,,1722,,10721,,4645,,,,11,,,,,15
Viet_Nam,,,,,,,,,,,,32,,,,,6540,,,,,,,,,,,,,,,,,,,1928,,1205,,,,,,2440,,,,,,,,,,,,,,1246,,,,,,,,,,,,,,,,,170,,,,,,,,,,,,,,,,,,,,,,,1614,6511,,,,,,,,1542,,,,,,,5981,,,,,,,,,,,106,,,,,,,,,,,,,,,,,9356,,,1944,,,,,,,,,,,490,,,,,,94,,,,,1495,,,,,,,,,,,,,,,,,,,1451,,,,,,,,,101,,,,,,,,,9570,,,,,,,,,,,,,,,927,,2625,,,,,,,,,,,
Wallis_and_Futuna_Islands,,,,,,,,,,,,,,,,,,,,,,,,,,,,,,,,,,,,,,,,,,,,,,,,,,,,,,,,,,,,,,,,,,,,,,,,,,,849,,37,,,,,,,,,,,,,,,,,,,,,,,,,,,,,,,,,,,,,,,,,,,,,,,,,,,,,,,,70,,,,,,,,,,,,,,1551,,,,,,,,,,,,,,,,,,,,,,,,,,,,,,,,,,,,,,,,,,,,,,,,,,,,,,,,,,,,,,,,,,,,,,,,,,,,,,208,,,,,,,
Western_Sahara,,,68,,,,,,,,,,,,,,,,,,,,,,,,,,,,,,,,,,,,,,,,,,,,,,,,,,,,,,,,,,,,,,,,,,,,,,,,233,,,,,,,,,,,,,,,828,874,,,,,,,,,,,,,,,,,,,,,,,,,,,,,,,,,,,,324,,,,471,,,,,,,,,,,,,,,,,,,,,,,,,,,,,,,,,,,,,,,,,,,,,,,,,,,1514,,,,,,,,,,,,,,,,,,,,,,,,,,,,,,,,,,,,,,,,,,,,,,,,,,
Yemen,,,,,,,,,,,,,,,,,,,,,,,,,,,,,,,,,,,,,,,,,,,,,,,,,,,,,,,,,,,,,,,,,10621,,,918,,4181,,,,,,,,,,,,,,,,,,,,,,,,,,,,,,10,10441,,,,,,,,,,,,,,,,,,,,,,,,,,,,,,,,,,,,,,,,,,,,,,,,,,,,,,,,,,,,,,,,,,,,,,,,,,,,,,,,,,,,0,,,,,,194393,,,,,3792,23170,,,,,2822,,,,,,,,,,,,,,,,,,,,,,,,,28,,,,,
Zambia,,,,,,37106,,,,,,264,,,,,,,,,,,,,,,,918,,,,,,3243,,,243,200,,,,,,1007,,,,,8481,,,,,,,,,,20933,,,,,,164,,,,,,,,,,70,,,,,,279,175,,,,,,,,,,,,,,,,4630,,,,,,,,,100,,,536,,,,,,,,,,,,,,13467,,,217,,,,,,,,,,,,,,1301,,630,,,,,,,,508,,,,,,,,,,,,,,,,,,,,,7462,,,,,,,,,,142,,,,,,,,,,3072,,,,,,,,,,,,,,,,,,,,,,,,456,,,1286,5918,949,,,,,,,,,,,17106
Zimbabwe,,,,,,,,,,,,,,,,,,,,,,,,,,,,3705,,,,,,,,,,,,,,,,,,,,,,,,,,,,,,,,,,,,,,,,,,,,,,,,,,,,,,,,,,,,,,,,,,,,,,,,,,,,,,,,,,,,,,,,,,,,,,,,103281,,,,,,,,,,,,,,,,,117799,,,,,,,,,,,,,,,,,,,,,,,,,,,,,,,,,,,,,,,,,,,,,,,,,,,18910,,,,,,,,,,,,,,,,,,,,,,,,,,,12174,,,,,,,,,,,,30373,
